Domain Code,Domain,Area Code (FAO),Area,Element Code,Element,Item Code,Item,Year Code,Year,Unit,Value,Flag,Flag Description,Note
"OA","Annual population","258","Anguilla","511","Total Population - Both sexes","3010","Population - Est. & Proj.","2018","2018","1000 persons","14.731","X","International reliable sources",""
"OA","Annual population","258","Anguilla","551","Rural population","3010","Population - Est. & Proj.","2018","2018","1000 persons","0","X","International reliable sources","UNDESA, Population Division – World Urbanization Prospects, the 2018 Revision"
"OA","Annual population","258","Anguilla","561","Urban population","3010","Population - Est. & Proj.","2018","2018","1000 persons","15.045","X","International reliable sources","UNDESA, Population Division – World Urbanization Prospects, the 2018 Revision"
"OA","Annual population","8","Antigua and Barbuda","511","Total Population - Both sexes","3010","Population - Est. & Proj.","2018","2018","1000 persons","96.286","X","International reliable sources",""
"OA","Annual population","8","Antigua and Barbuda","512","Total Population - Male","3010","Population - Est. & Proj.","2018","2018","1000 persons","46.419","X","International reliable sources",""
"OA","Annual population","8","Antigua and Barbuda","513","Total Population - Female","3010","Population - Est. & Proj.","2018","2018","1000 persons","49.863","X","International reliable sources",""
"OA","Annual population","8","Antigua and Barbuda","551","Rural population","3010","Population - Est. & Proj.","2018","2018","1000 persons","77.7","X","International reliable sources",""
"OA","Annual population","8","Antigua and Barbuda","561","Urban population","3010","Population - Est. & Proj.","2018","2018","1000 persons","25.35","X","International reliable sources","UNDESA, Population Division – World Urbanization Prospects, the 2018 Revision"
"OA","Annual population","9","Argentina","511","Total Population - Both sexes","3010","Population - Est. & Proj.","2018","2018","1000 persons","44361.15","X","International reliable sources",""
"OA","Annual population","9","Argentina","512","Total Population - Male","3010","Population - Est. & Proj.","2018","2018","1000 persons","21631.673","X","International reliable sources",""
"OA","Annual population","9","Argentina","513","Total Population - Female","3010","Population - Est. & Proj.","2018","2018","1000 persons","22729.477","X","International reliable sources",""
"OA","Annual population","9","Argentina","551","Rural population","3010","Population - Est. & Proj.","2018","2018","1000 persons","3632.997","X","International reliable sources",""
"OA","Annual population","9","Argentina","561","Urban population","3010","Population - Est. & Proj.","2018","2018","1000 persons","41055.867","X","International reliable sources","UNDESA, Population Division – World Urbanization Prospects, the 2018 Revision"
"OA","Annual population","22","Aruba","511","Total Population - Both sexes","3010","Population - Est. & Proj.","2018","2018","1000 persons","105.845","X","International reliable sources",""
"OA","Annual population","22","Aruba","512","Total Population - Male","3010","Population - Est. & Proj.","2018","2018","1000 persons","50.244","X","International reliable sources",""
"OA","Annual population","22","Aruba","513","Total Population - Female","3010","Population - Est. & Proj.","2018","2018","1000 persons","55.602","X","International reliable sources",""
"OA","Annual population","22","Aruba","551","Rural population","3010","Population - Est. & Proj.","2018","2018","1000 persons","59.798","X","International reliable sources",""
"OA","Annual population","22","Aruba","561","Urban population","3010","Population - Est. & Proj.","2018","2018","1000 persons","45.872","X","International reliable sources","UNDESA, Population Division – World Urbanization Prospects, the 2018 Revision"
"OA","Annual population","12","Bahamas","511","Total Population - Both sexes","3010","Population - Est. & Proj.","2018","2018","1000 persons","385.637","X","International reliable sources",""
"OA","Annual population","12","Bahamas","512","Total Population - Male","3010","Population - Est. & Proj.","2018","2018","1000 persons","187.322","X","International reliable sources",""
"OA","Annual population","12","Bahamas","513","Total Population - Female","3010","Population - Est. & Proj.","2018","2018","1000 persons","198.313","X","International reliable sources",""
"OA","Annual population","12","Bahamas","551","Rural population","3010","Population - Est. & Proj.","2018","2018","1000 persons","67.779","X","International reliable sources",""
"OA","Annual population","12","Bahamas","561","Urban population","3010","Population - Est. & Proj.","2018","2018","1000 persons","331.506","X","International reliable sources","UNDESA, Population Division – World Urbanization Prospects, the 2018 Revision"
"OA","Annual population","14","Barbados","511","Total Population - Both sexes","3010","Population - Est. & Proj.","2018","2018","1000 persons","286.641","X","International reliable sources",""
"OA","Annual population","14","Barbados","512","Total Population - Male","3010","Population - Est. & Proj.","2018","2018","1000 persons","138.525","X","International reliable sources",""
"OA","Annual population","14","Barbados","513","Total Population - Female","3010","Population - Est. & Proj.","2018","2018","1000 persons","148.115","X","International reliable sources",""
"OA","Annual population","14","Barbados","551","Rural population","3010","Population - Est. & Proj.","2018","2018","1000 persons","197.187","X","International reliable sources",""
"OA","Annual population","14","Barbados","561","Urban population","3010","Population - Est. & Proj.","2018","2018","1000 persons","89.201","X","International reliable sources","UNDESA, Population Division – World Urbanization Prospects, the 2018 Revision"
"OA","Annual population","23","Belize","511","Total Population - Both sexes","3010","Population - Est. & Proj.","2018","2018","1000 persons","383.071","X","International reliable sources",""
"OA","Annual population","23","Belize","512","Total Population - Male","3010","Population - Est. & Proj.","2018","2018","1000 persons","190.798","X","International reliable sources",""
"OA","Annual population","23","Belize","513","Total Population - Female","3010","Population - Est. & Proj.","2018","2018","1000 persons","192.273","X","International reliable sources",""
"OA","Annual population","23","Belize","551","Rural population","3010","Population - Est. & Proj.","2018","2018","1000 persons","207.573","X","International reliable sources",""
"OA","Annual population","23","Belize","561","Urban population","3010","Population - Est. & Proj.","2018","2018","1000 persons","174.871","X","International reliable sources","UNDESA, Population Division – World Urbanization Prospects, the 2018 Revision"
"OA","Annual population","17","Bermuda","511","Total Population - Both sexes","3010","Population - Est. & Proj.","2018","2018","1000 persons","62.756","X","International reliable sources",""
"OA","Annual population","17","Bermuda","551","Rural population","3010","Population - Est. & Proj.","2018","2018","1000 persons","0","X","International reliable sources","UNDESA, Population Division – World Urbanization Prospects, the 2018 Revision"
"OA","Annual population","17","Bermuda","561","Urban population","3010","Population - Est. & Proj.","2018","2018","1000 persons","61.07","X","International reliable sources","UNDESA, Population Division – World Urbanization Prospects, the 2018 Revision"
"OA","Annual population","19","Bolivia (Plurinational State of)","511","Total Population - Both sexes","3010","Population - Est. & Proj.","2018","2018","1000 persons","11353.142","X","International reliable sources",""
"OA","Annual population","19","Bolivia (Plurinational State of)","512","Total Population - Male","3010","Population - Est. & Proj.","2018","2018","1000 persons","5701.161","X","International reliable sources",""
"OA","Annual population","19","Bolivia (Plurinational State of)","513","Total Population - Female","3010","Population - Est. & Proj.","2018","2018","1000 persons","5651.979","X","International reliable sources",""
"OA","Annual population","19","Bolivia (Plurinational State of)","551","Rural population","3010","Population - Est. & Proj.","2018","2018","1000 persons","3429.186","X","International reliable sources",""
"OA","Annual population","19","Bolivia (Plurinational State of)","561","Urban population","3010","Population - Est. & Proj.","2018","2018","1000 persons","7786.488","X","International reliable sources","UNDESA, Population Division – World Urbanization Prospects, the 2018 Revision"
"OA","Annual population","278","Bonaire, Sint Eustatius and Saba","511","Total Population - Both sexes","3010","Population - Est. & Proj.","2018","2018","1000 persons","25.711","X","International reliable sources",""
"OA","Annual population","278","Bonaire, Sint Eustatius and Saba","551","Rural population","3010","Population - Est. & Proj.","2018","2018","1000 persons","6.452","X","International reliable sources",""
"OA","Annual population","278","Bonaire, Sint Eustatius and Saba","561","Urban population","3010","Population - Est. & Proj.","2018","2018","1000 persons","19.25","X","International reliable sources",""
"OA","Annual population","21","Brazil","511","Total Population - Both sexes","3010","Population - Est. & Proj.","2018","2018","1000 persons","209469.323","X","International reliable sources",""
"OA","Annual population","21","Brazil","512","Total Population - Male","3010","Population - Est. & Proj.","2018","2018","1000 persons","102996.239","X","International reliable sources",""
"OA","Annual population","21","Brazil","513","Total Population - Female","3010","Population - Est. & Proj.","2018","2018","1000 persons","106473.081","X","International reliable sources",""
"OA","Annual population","21","Brazil","551","Rural population","3010","Population - Est. & Proj.","2018","2018","1000 persons","28321.495","X","International reliable sources",""
"OA","Annual population","21","Brazil","561","Urban population","3010","Population - Est. & Proj.","2018","2018","1000 persons","182546.459","X","International reliable sources","UNDESA, Population Division – World Urbanization Prospects, the 2018 Revision"
"OA","Annual population","239","British Virgin Islands","511","Total Population - Both sexes","3010","Population - Est. & Proj.","2018","2018","1000 persons","29.802","X","International reliable sources",""
"OA","Annual population","239","British Virgin Islands","551","Rural population","3010","Population - Est. & Proj.","2018","2018","1000 persons","16.582","X","International reliable sources",""
"OA","Annual population","239","British Virgin Islands","561","Urban population","3010","Population - Est. & Proj.","2018","2018","1000 persons","15.137","X","International reliable sources","UNDESA, Population Division – World Urbanization Prospects, the 2018 Revision"
"OA","Annual population","33","Canada","511","Total Population - Both sexes","3010","Population - Est. & Proj.","2018","2018","1000 persons","37074.562","X","International reliable sources",""
"OA","Annual population","33","Canada","512","Total Population - Male","3010","Population - Est. & Proj.","2018","2018","1000 persons","18392.121","X","International reliable sources",""
"OA","Annual population","33","Canada","513","Total Population - Female","3010","Population - Est. & Proj.","2018","2018","1000 persons","18682.437","X","International reliable sources",""
"OA","Annual population","33","Canada","551","Rural population","3010","Population - Est. & Proj.","2018","2018","1000 persons","6869.269","X","International reliable sources",""
"OA","Annual population","33","Canada","561","Urban population","3010","Population - Est. & Proj.","2018","2018","1000 persons","30084.496","X","International reliable sources","UNDESA, Population Division – World Urbanization Prospects, the 2018 Revision"
"OA","Annual population","36","Cayman Islands","511","Total Population - Both sexes","3010","Population - Est. & Proj.","2018","2018","1000 persons","64.174","X","International reliable sources",""
"OA","Annual population","36","Cayman Islands","551","Rural population","3010","Population - Est. & Proj.","2018","2018","1000 persons","0","X","International reliable sources","UNDESA, Population Division – World Urbanization Prospects, the 2018 Revision"
"OA","Annual population","36","Cayman Islands","561","Urban population","3010","Population - Est. & Proj.","2018","2018","1000 persons","62.348","X","International reliable sources","UNDESA, Population Division – World Urbanization Prospects, the 2018 Revision"
"OA","Annual population","40","Chile","511","Total Population - Both sexes","3010","Population - Est. & Proj.","2018","2018","1000 persons","18729.16","X","International reliable sources",""
"OA","Annual population","40","Chile","512","Total Population - Male","3010","Population - Est. & Proj.","2018","2018","1000 persons","9228.416","X","International reliable sources",""
"OA","Annual population","40","Chile","513","Total Population - Female","3010","Population - Est. & Proj.","2018","2018","1000 persons","9500.75","X","International reliable sources",""
"OA","Annual population","40","Chile","551","Rural population","3010","Population - Est. & Proj.","2018","2018","1000 persons","2262.995","X","International reliable sources",""
"OA","Annual population","40","Chile","561","Urban population","3010","Population - Est. & Proj.","2018","2018","1000 persons","15934.214","X","International reliable sources","UNDESA, Population Division – World Urbanization Prospects, the 2018 Revision"
"OA","Annual population","44","Colombia","511","Total Population - Both sexes","3010","Population - Est. & Proj.","2018","2018","1000 persons","49661.048","X","International reliable sources",""
"OA","Annual population","44","Colombia","512","Total Population - Male","3010","Population - Est. & Proj.","2018","2018","1000 persons","24370.78","X","International reliable sources",""
"OA","Annual population","44","Colombia","513","Total Population - Female","3010","Population - Est. & Proj.","2018","2018","1000 persons","25290.276","X","International reliable sources",""
"OA","Annual population","44","Colombia","551","Rural population","3010","Population - Est. & Proj.","2018","2018","1000 persons","9508.27","X","International reliable sources",""
"OA","Annual population","44","Colombia","561","Urban population","3010","Population - Est. & Proj.","2018","2018","1000 persons","39956.413","X","International reliable sources","UNDESA, Population Division – World Urbanization Prospects, the 2018 Revision"
"OA","Annual population","48","Costa Rica","511","Total Population - Both sexes","3010","Population - Est. & Proj.","2018","2018","1000 persons","4999.441","X","International reliable sources",""
"OA","Annual population","48","Costa Rica","512","Total Population - Male","3010","Population - Est. & Proj.","2018","2018","1000 persons","2499.229","X","International reliable sources",""
"OA","Annual population","48","Costa Rica","513","Total Population - Female","3010","Population - Est. & Proj.","2018","2018","1000 persons","2500.214","X","International reliable sources",""
"OA","Annual population","48","Costa Rica","551","Rural population","3010","Population - Est. & Proj.","2018","2018","1000 persons","1023.354","X","International reliable sources",""
"OA","Annual population","48","Costa Rica","561","Urban population","3010","Population - Est. & Proj.","2018","2018","1000 persons","3929.845","X","International reliable sources","UNDESA, Population Division – World Urbanization Prospects, the 2018 Revision"
"OA","Annual population","49","Cuba","511","Total Population - Both sexes","3010","Population - Est. & Proj.","2018","2018","1000 persons","11338.134","X","International reliable sources",""
"OA","Annual population","49","Cuba","512","Total Population - Male","3010","Population - Est. & Proj.","2018","2018","1000 persons","5631.334","X","International reliable sources",""
"OA","Annual population","49","Cuba","513","Total Population - Female","3010","Population - Est. & Proj.","2018","2018","1000 persons","5706.812","X","International reliable sources",""
"OA","Annual population","49","Cuba","551","Rural population","3010","Population - Est. & Proj.","2018","2018","1000 persons","2638.265","X","International reliable sources",""
"OA","Annual population","49","Cuba","561","Urban population","3010","Population - Est. & Proj.","2018","2018","1000 persons","8850.817","X","International reliable sources","UNDESA, Population Division – World Urbanization Prospects, the 2018 Revision"
"OA","Annual population","279","Curaçao","511","Total Population - Both sexes","3010","Population - Est. & Proj.","2018","2018","1000 persons","162.752","X","International reliable sources",""
"OA","Annual population","279","Curaçao","512","Total Population - Male","3010","Population - Est. & Proj.","2018","2018","1000 persons","74.711","X","International reliable sources",""
"OA","Annual population","279","Curaçao","513","Total Population - Female","3010","Population - Est. & Proj.","2018","2018","1000 persons","88.042","X","International reliable sources",""
"OA","Annual population","279","Curaçao","551","Rural population","3010","Population - Est. & Proj.","2018","2018","1000 persons","17.54","X","International reliable sources",""
"OA","Annual population","279","Curaçao","561","Urban population","3010","Population - Est. & Proj.","2018","2018","1000 persons","144.037","X","International reliable sources",""
"OA","Annual population","55","Dominica","511","Total Population - Both sexes","3010","Population - Est. & Proj.","2018","2018","1000 persons","71.625","X","International reliable sources",""
"OA","Annual population","55","Dominica","551","Rural population","3010","Population - Est. & Proj.","2018","2018","1000 persons","21.933","X","International reliable sources",""
"OA","Annual population","55","Dominica","561","Urban population","3010","Population - Est. & Proj.","2018","2018","1000 persons","52.375","X","International reliable sources","UNDESA, Population Division – World Urbanization Prospects, the 2018 Revision"
"OA","Annual population","56","Dominican Republic","511","Total Population - Both sexes","3010","Population - Est. & Proj.","2018","2018","1000 persons","10627.141","X","International reliable sources",""
"OA","Annual population","56","Dominican Republic","512","Total Population - Male","3010","Population - Est. & Proj.","2018","2018","1000 persons","5312.745","X","International reliable sources",""
"OA","Annual population","56","Dominican Republic","513","Total Population - Female","3010","Population - Est. & Proj.","2018","2018","1000 persons","5314.402","X","International reliable sources",""
"OA","Annual population","56","Dominican Republic","551","Rural population","3010","Population - Est. & Proj.","2018","2018","1000 persons","2059.693","X","International reliable sources",""
"OA","Annual population","56","Dominican Republic","561","Urban population","3010","Population - Est. & Proj.","2018","2018","1000 persons","8823.303","X","International reliable sources","UNDESA, Population Division – World Urbanization Prospects, the 2018 Revision"
"OA","Annual population","58","Ecuador","511","Total Population - Both sexes","3010","Population - Est. & Proj.","2018","2018","1000 persons","17084.358","X","International reliable sources",""
"OA","Annual population","58","Ecuador","512","Total Population - Male","3010","Population - Est. & Proj.","2018","2018","1000 persons","8547.198","X","International reliable sources",""
"OA","Annual population","58","Ecuador","513","Total Population - Female","3010","Population - Est. & Proj.","2018","2018","1000 persons","8537.161","X","International reliable sources",""
"OA","Annual population","58","Ecuador","551","Rural population","3010","Population - Est. & Proj.","2018","2018","1000 persons","6101.055","X","International reliable sources",""
"OA","Annual population","58","Ecuador","561","Urban population","3010","Population - Est. & Proj.","2018","2018","1000 persons","10762.37","X","International reliable sources","UNDESA, Population Division – World Urbanization Prospects, the 2018 Revision"
"OA","Annual population","60","El Salvador","511","Total Population - Both sexes","3010","Population - Est. & Proj.","2018","2018","1000 persons","6420.746","X","International reliable sources",""
"OA","Annual population","60","El Salvador","512","Total Population - Male","3010","Population - Est. & Proj.","2018","2018","1000 persons","3010.428","X","International reliable sources",""
"OA","Annual population","60","El Salvador","513","Total Population - Female","3010","Population - Est. & Proj.","2018","2018","1000 persons","3410.312","X","International reliable sources",""
"OA","Annual population","60","El Salvador","551","Rural population","3010","Population - Est. & Proj.","2018","2018","1000 persons","1793.751","X","International reliable sources",""
"OA","Annual population","60","El Salvador","561","Urban population","3010","Population - Est. & Proj.","2018","2018","1000 persons","4617.807","X","International reliable sources","UNDESA, Population Division – World Urbanization Prospects, the 2018 Revision"
"OA","Annual population","65","Falkland Islands (Malvinas)","511","Total Population - Both sexes","3010","Population - Est. & Proj.","2018","2018","1000 persons","3.234","X","International reliable sources",""
"OA","Annual population","65","Falkland Islands (Malvinas)","551","Rural population","3010","Population - Est. & Proj.","2018","2018","1000 persons","0.653","X","International reliable sources",""
"OA","Annual population","65","Falkland Islands (Malvinas)","561","Urban population","3010","Population - Est. & Proj.","2018","2018","1000 persons","2.269","X","International reliable sources","UNDESA, Population Division – World Urbanization Prospects, the 2018 Revision"
"OA","Annual population","69","French Guyana","511","Total Population - Both sexes","3010","Population - Est. & Proj.","2018","2018","1000 persons","282.938","X","International reliable sources",""
"OA","Annual population","69","French Guyana","512","Total Population - Male","3010","Population - Est. & Proj.","2018","2018","1000 persons","139.739","X","International reliable sources",""
"OA","Annual population","69","French Guyana","513","Total Population - Female","3010","Population - Est. & Proj.","2018","2018","1000 persons","143.197","X","International reliable sources",""
"OA","Annual population","69","French Guyana","551","Rural population","3010","Population - Est. & Proj.","2018","2018","1000 persons","42.568","X","International reliable sources",""
"OA","Annual population","69","French Guyana","561","Urban population","3010","Population - Est. & Proj.","2018","2018","1000 persons","247.195","X","International reliable sources","UNDESA, Population Division – World Urbanization Prospects, the 2018 Revision"
"OA","Annual population","85","Greenland","511","Total Population - Both sexes","3010","Population - Est. & Proj.","2018","2018","1000 persons","56.564","X","International reliable sources",""
"OA","Annual population","85","Greenland","551","Rural population","3010","Population - Est. & Proj.","2018","2018","1000 persons","7.458","X","International reliable sources",""
"OA","Annual population","85","Greenland","561","Urban population","3010","Population - Est. & Proj.","2018","2018","1000 persons","49.107","X","International reliable sources","UNDESA, Population Division – World Urbanization Prospects, the 2018 Revision"
"OA","Annual population","86","Grenada","511","Total Population - Both sexes","3010","Population - Est. & Proj.","2018","2018","1000 persons","111.454","X","International reliable sources",""
"OA","Annual population","86","Grenada","512","Total Population - Male","3010","Population - Est. & Proj.","2018","2018","1000 persons","56.162","X","International reliable sources",""
"OA","Annual population","86","Grenada","513","Total Population - Female","3010","Population - Est. & Proj.","2018","2018","1000 persons","55.287","X","International reliable sources",""
"OA","Annual population","86","Grenada","551","Rural population","3010","Population - Est. & Proj.","2018","2018","1000 persons","69.042","X","International reliable sources",""
"OA","Annual population","86","Grenada","561","Urban population","3010","Population - Est. & Proj.","2018","2018","1000 persons","39.297","X","International reliable sources","UNDESA, Population Division – World Urbanization Prospects, the 2018 Revision"
"OA","Annual population","87","Guadeloupe","511","Total Population - Both sexes","3010","Population - Est. & Proj.","2018","2018","1000 persons","399.848","X","International reliable sources",""
"OA","Annual population","87","Guadeloupe","512","Total Population - Male","3010","Population - Est. & Proj.","2018","2018","1000 persons","184.772","X","International reliable sources",""
"OA","Annual population","87","Guadeloupe","513","Total Population - Female","3010","Population - Est. & Proj.","2018","2018","1000 persons","215.076","X","International reliable sources",""
"OA","Annual population","87","Guadeloupe","551","Rural population","3010","Population - Est. & Proj.","2018","2018","1000 persons","6.855","X","International reliable sources",""
"OA","Annual population","87","Guadeloupe","561","Urban population","3010","Population - Est. & Proj.","2018","2018","1000 persons","442.318","X","International reliable sources","UNDESA, Population Division – World Urbanization Prospects, the 2018 Revision"
"OA","Annual population","89","Guatemala","511","Total Population - Both sexes","3010","Population - Est. & Proj.","2018","2018","1000 persons","17247.849","X","International reliable sources",""
"OA","Annual population","89","Guatemala","512","Total Population - Male","3010","Population - Est. & Proj.","2018","2018","1000 persons","8492.956","X","International reliable sources",""
"OA","Annual population","89","Guatemala","513","Total Population - Female","3010","Population - Est. & Proj.","2018","2018","1000 persons","8754.899","X","International reliable sources",""
"OA","Annual population","89","Guatemala","551","Rural population","3010","Population - Est. & Proj.","2018","2018","1000 persons","8440.97","X","International reliable sources",""
"OA","Annual population","89","Guatemala","561","Urban population","3010","Population - Est. & Proj.","2018","2018","1000 persons","8804.376","X","International reliable sources","UNDESA, Population Division – World Urbanization Prospects, the 2018 Revision"
"OA","Annual population","91","Guyana","511","Total Population - Both sexes","3010","Population - Est. & Proj.","2018","2018","1000 persons","779.006","X","International reliable sources",""
"OA","Annual population","91","Guyana","512","Total Population - Male","3010","Population - Est. & Proj.","2018","2018","1000 persons","390.999","X","International reliable sources",""
"OA","Annual population","91","Guyana","513","Total Population - Female","3010","Population - Est. & Proj.","2018","2018","1000 persons","388.008","X","International reliable sources",""
"OA","Annual population","91","Guyana","551","Rural population","3010","Population - Est. & Proj.","2018","2018","1000 persons","574.102","X","International reliable sources",""
"OA","Annual population","91","Guyana","561","Urban population","3010","Population - Est. & Proj.","2018","2018","1000 persons","208.123","X","International reliable sources","UNDESA, Population Division – World Urbanization Prospects, the 2018 Revision"
"OA","Annual population","93","Haiti","511","Total Population - Both sexes","3010","Population - Est. & Proj.","2018","2018","1000 persons","11123.178","X","International reliable sources",""
"OA","Annual population","93","Haiti","512","Total Population - Male","3010","Population - Est. & Proj.","2018","2018","1000 persons","5489.045","X","International reliable sources",""
"OA","Annual population","93","Haiti","513","Total Population - Female","3010","Population - Est. & Proj.","2018","2018","1000 persons","5634.138","X","International reliable sources",""
"OA","Annual population","93","Haiti","551","Rural population","3010","Population - Est. & Proj.","2018","2018","1000 persons","4969.937","X","International reliable sources",""
"OA","Annual population","93","Haiti","561","Urban population","3010","Population - Est. & Proj.","2018","2018","1000 persons","6143.008","X","International reliable sources","UNDESA, Population Division – World Urbanization Prospects, the 2018 Revision"
"OA","Annual population","95","Honduras","511","Total Population - Both sexes","3010","Population - Est. & Proj.","2018","2018","1000 persons","9587.522","X","International reliable sources",""
"OA","Annual population","95","Honduras","512","Total Population - Male","3010","Population - Est. & Proj.","2018","2018","1000 persons","4789.031","X","International reliable sources",""
"OA","Annual population","95","Honduras","513","Total Population - Female","3010","Population - Est. & Proj.","2018","2018","1000 persons","4798.492","X","International reliable sources",""
"OA","Annual population","95","Honduras","551","Rural population","3010","Population - Est. & Proj.","2018","2018","1000 persons","4040.365","X","International reliable sources",""
"OA","Annual population","95","Honduras","561","Urban population","3010","Population - Est. & Proj.","2018","2018","1000 persons","5376.802","X","International reliable sources","UNDESA, Population Division – World Urbanization Prospects, the 2018 Revision"
"OA","Annual population","109","Jamaica","511","Total Population - Both sexes","3010","Population - Est. & Proj.","2018","2018","1000 persons","2934.847","X","International reliable sources",""
"OA","Annual population","109","Jamaica","512","Total Population - Male","3010","Population - Est. & Proj.","2018","2018","1000 persons","1457.453","X","International reliable sources",""
"OA","Annual population","109","Jamaica","513","Total Population - Female","3010","Population - Est. & Proj.","2018","2018","1000 persons","1477.4","X","International reliable sources",""
"OA","Annual population","109","Jamaica","551","Rural population","3010","Population - Est. & Proj.","2018","2018","1000 persons","1284.862","X","International reliable sources",""
"OA","Annual population","109","Jamaica","561","Urban population","3010","Population - Est. & Proj.","2018","2018","1000 persons","1613.815","X","International reliable sources","UNDESA, Population Division – World Urbanization Prospects, the 2018 Revision"
"OA","Annual population","135","Martinique","511","Total Population - Both sexes","3010","Population - Est. & Proj.","2018","2018","1000 persons","375.673","X","International reliable sources",""
"OA","Annual population","135","Martinique","512","Total Population - Male","3010","Population - Est. & Proj.","2018","2018","1000 persons","173.293","X","International reliable sources",""
"OA","Annual population","135","Martinique","513","Total Population - Female","3010","Population - Est. & Proj.","2018","2018","1000 persons","202.379","X","International reliable sources",""
"OA","Annual population","135","Martinique","551","Rural population","3010","Population - Est. & Proj.","2018","2018","1000 persons","42.167","X","International reliable sources",""
"OA","Annual population","135","Martinique","561","Urban population","3010","Population - Est. & Proj.","2018","2018","1000 persons","342.898","X","International reliable sources","UNDESA, Population Division – World Urbanization Prospects, the 2018 Revision"
"OA","Annual population","138","Mexico","511","Total Population - Both sexes","3010","Population - Est. & Proj.","2018","2018","1000 persons","126190.788","X","International reliable sources",""
"OA","Annual population","138","Mexico","512","Total Population - Male","3010","Population - Est. & Proj.","2018","2018","1000 persons","61720.819","X","International reliable sources",""
"OA","Annual population","138","Mexico","513","Total Population - Female","3010","Population - Est. & Proj.","2018","2018","1000 persons","64469.963","X","International reliable sources",""
"OA","Annual population","138","Mexico","551","Rural population","3010","Population - Est. & Proj.","2018","2018","1000 persons","25947.576","X","International reliable sources",""
"OA","Annual population","138","Mexico","561","Urban population","3010","Population - Est. & Proj.","2018","2018","1000 persons","104811.498","X","International reliable sources","UNDESA, Population Division – World Urbanization Prospects, the 2018 Revision"
"OA","Annual population","142","Montserrat","511","Total Population - Both sexes","3010","Population - Est. & Proj.","2018","2018","1000 persons","4.993","X","International reliable sources",""
"OA","Annual population","142","Montserrat","551","Rural population","3010","Population - Est. & Proj.","2018","2018","1000 persons","4.731","X","International reliable sources",""
"OA","Annual population","142","Montserrat","561","Urban population","3010","Population - Est. & Proj.","2018","2018","1000 persons","0.472","X","International reliable sources","UNDESA, Population Division – World Urbanization Prospects, the 2018 Revision"
"OA","Annual population","151","Netherlands Antilles (former)","511","Total Population - Both sexes","3010","Population - Est. & Proj.","2018","2018","1000 persons","277.483","A","Aggregate, may include official, semi-official, estimated or calculated data",""
"OA","Annual population","151","Netherlands Antilles (former)","512","Total Population - Male","3010","Population - Est. & Proj.","2018","2018","1000 persons","74.711","A","Aggregate, may include official, semi-official, estimated or calculated data",""
"OA","Annual population","151","Netherlands Antilles (former)","513","Total Population - Female","3010","Population - Est. & Proj.","2018","2018","1000 persons","88.042","A","Aggregate, may include official, semi-official, estimated or calculated data",""
"OA","Annual population","151","Netherlands Antilles (former)","551","Rural population","3010","Population - Est. & Proj.","2018","2018","1000 persons","23.992","A","Aggregate, may include official, semi-official, estimated or calculated data",""
"OA","Annual population","151","Netherlands Antilles (former)","561","Urban population","3010","Population - Est. & Proj.","2018","2018","1000 persons","203.839","A","Aggregate, may include official, semi-official, estimated or calculated data",""
"OA","Annual population","157","Nicaragua","511","Total Population - Both sexes","3010","Population - Est. & Proj.","2018","2018","1000 persons","6465.501","X","International reliable sources",""
"OA","Annual population","157","Nicaragua","512","Total Population - Male","3010","Population - Est. & Proj.","2018","2018","1000 persons","3186.671","X","International reliable sources",""
"OA","Annual population","157","Nicaragua","513","Total Population - Female","3010","Population - Est. & Proj.","2018","2018","1000 persons","3278.831","X","International reliable sources",""
"OA","Annual population","157","Nicaragua","551","Rural population","3010","Population - Est. & Proj.","2018","2018","1000 persons","2606.772","X","International reliable sources",""
"OA","Annual population","157","Nicaragua","561","Urban population","3010","Population - Est. & Proj.","2018","2018","1000 persons","3677.985","X","International reliable sources","UNDESA, Population Division – World Urbanization Prospects, the 2018 Revision"
"OA","Annual population","166","Panama","511","Total Population - Both sexes","3010","Population - Est. & Proj.","2018","2018","1000 persons","4176.869","X","International reliable sources",""
"OA","Annual population","166","Panama","512","Total Population - Male","3010","Population - Est. & Proj.","2018","2018","1000 persons","2092.386","X","International reliable sources",""
"OA","Annual population","166","Panama","513","Total Population - Female","3010","Population - Est. & Proj.","2018","2018","1000 persons","2084.482","X","International reliable sources",""
"OA","Annual population","166","Panama","551","Rural population","3010","Population - Est. & Proj.","2018","2018","1000 persons","1344.157","X","International reliable sources",""
"OA","Annual population","166","Panama","561","Urban population","3010","Population - Est. & Proj.","2018","2018","1000 persons","2818.461","X","International reliable sources","UNDESA, Population Division – World Urbanization Prospects, the 2018 Revision"
"OA","Annual population","169","Paraguay","511","Total Population - Both sexes","3010","Population - Est. & Proj.","2018","2018","1000 persons","6956.066","X","International reliable sources",""
"OA","Annual population","169","Paraguay","512","Total Population - Male","3010","Population - Est. & Proj.","2018","2018","1000 persons","3537.049","X","International reliable sources",""
"OA","Annual population","169","Paraguay","513","Total Population - Female","3010","Population - Est. & Proj.","2018","2018","1000 persons","3419.02","X","International reliable sources",""
"OA","Annual population","169","Paraguay","551","Rural population","3010","Population - Est. & Proj.","2018","2018","1000 persons","2649.475","X","International reliable sources",""
"OA","Annual population","169","Paraguay","561","Urban population","3010","Population - Est. & Proj.","2018","2018","1000 persons","4247.433","X","International reliable sources","UNDESA, Population Division – World Urbanization Prospects, the 2018 Revision"
"OA","Annual population","170","Peru","511","Total Population - Both sexes","3010","Population - Est. & Proj.","2018","2018","1000 persons","31989.26","X","International reliable sources",""
"OA","Annual population","170","Peru","512","Total Population - Male","3010","Population - Est. & Proj.","2018","2018","1000 persons","15886.587","X","International reliable sources",""
"OA","Annual population","170","Peru","513","Total Population - Female","3010","Population - Est. & Proj.","2018","2018","1000 persons","16102.678","X","International reliable sources",""
"OA","Annual population","170","Peru","551","Rural population","3010","Population - Est. & Proj.","2018","2018","1000 persons","7191.715","X","International reliable sources",""
"OA","Annual population","170","Peru","561","Urban population","3010","Population - Est. & Proj.","2018","2018","1000 persons","25360.1","X","International reliable sources","UNDESA, Population Division – World Urbanization Prospects, the 2018 Revision"
"OA","Annual population","177","Puerto Rico","511","Total Population - Both sexes","3010","Population - Est. & Proj.","2018","2018","1000 persons","3039.596","X","International reliable sources",""
"OA","Annual population","177","Puerto Rico","512","Total Population - Male","3010","Population - Est. & Proj.","2018","2018","1000 persons","1445.326","X","International reliable sources",""
"OA","Annual population","177","Puerto Rico","513","Total Population - Female","3010","Population - Est. & Proj.","2018","2018","1000 persons","1594.272","X","International reliable sources",""
"OA","Annual population","177","Puerto Rico","551","Rural population","3010","Population - Est. & Proj.","2018","2018","1000 persons","234.967","X","International reliable sources",""
"OA","Annual population","177","Puerto Rico","561","Urban population","3010","Population - Est. & Proj.","2018","2018","1000 persons","3424.04","X","International reliable sources","UNDESA, Population Division – World Urbanization Prospects, the 2018 Revision"
"OA","Annual population","282","Saint Barthélemy","511","Total Population - Both sexes","3010","Population - Est. & Proj.","2018","2018","1000 persons","9.816","X","International reliable sources",""
"OA","Annual population","188","Saint Kitts and Nevis","511","Total Population - Both sexes","3010","Population - Est. & Proj.","2018","2018","1000 persons","52.441","X","International reliable sources",""
"OA","Annual population","188","Saint Kitts and Nevis","551","Rural population","3010","Population - Est. & Proj.","2018","2018","1000 persons","38.662","X","International reliable sources",""
"OA","Annual population","188","Saint Kitts and Nevis","561","Urban population","3010","Population - Est. & Proj.","2018","2018","1000 persons","17.188","X","International reliable sources","UNDESA, Population Division – World Urbanization Prospects, the 2018 Revision"
"OA","Annual population","189","Saint Lucia","511","Total Population - Both sexes","3010","Population - Est. & Proj.","2018","2018","1000 persons","181.889","X","International reliable sources",""
"OA","Annual population","189","Saint Lucia","512","Total Population - Male","3010","Population - Est. & Proj.","2018","2018","1000 persons","89.58","X","International reliable sources",""
"OA","Annual population","189","Saint Lucia","513","Total Population - Female","3010","Population - Est. & Proj.","2018","2018","1000 persons","92.31","X","International reliable sources",""
"OA","Annual population","189","Saint Lucia","551","Rural population","3010","Population - Est. & Proj.","2018","2018","1000 persons","146.11","X","International reliable sources",""
"OA","Annual population","189","Saint Lucia","561","Urban population","3010","Population - Est. & Proj.","2018","2018","1000 persons","33.557","X","International reliable sources","UNDESA, Population Division – World Urbanization Prospects, the 2018 Revision"
"OA","Annual population","190","Saint Pierre and Miquelon","511","Total Population - Both sexes","3010","Population - Est. & Proj.","2018","2018","1000 persons","5.849","X","International reliable sources",""
"OA","Annual population","190","Saint Pierre and Miquelon","551","Rural population","3010","Population - Est. & Proj.","2018","2018","1000 persons","0.619","X","International reliable sources",""
"OA","Annual population","190","Saint Pierre and Miquelon","561","Urban population","3010","Population - Est. & Proj.","2018","2018","1000 persons","5.723","X","International reliable sources","UNDESA, Population Division – World Urbanization Prospects, the 2018 Revision"
"OA","Annual population","191","Saint Vincent and the Grenadines","511","Total Population - Both sexes","3010","Population - Est. & Proj.","2018","2018","1000 persons","110.211","X","International reliable sources",""
"OA","Annual population","191","Saint Vincent and the Grenadines","512","Total Population - Male","3010","Population - Est. & Proj.","2018","2018","1000 persons","55.977","X","International reliable sources",""
"OA","Annual population","191","Saint Vincent and the Grenadines","513","Total Population - Female","3010","Population - Est. & Proj.","2018","2018","1000 persons","54.233","X","International reliable sources",""
"OA","Annual population","191","Saint Vincent and the Grenadines","551","Rural population","3010","Population - Est. & Proj.","2018","2018","1000 persons","52.678","X","International reliable sources",""
"OA","Annual population","191","Saint Vincent and the Grenadines","561","Urban population","3010","Population - Est. & Proj.","2018","2018","1000 persons","57.522","X","International reliable sources","UNDESA, Population Division – World Urbanization Prospects, the 2018 Revision"
"OA","Annual population","281","Saint-Martin (French part)","511","Total Population - Both sexes","3010","Population - Est. & Proj.","2018","2018","1000 persons","37.264","X","International reliable sources",""
"OA","Annual population","280","Sint Maarten (Dutch part)","511","Total Population - Both sexes","3010","Population - Est. & Proj.","2018","2018","1000 persons","41.94","X","International reliable sources",""
"OA","Annual population","280","Sint Maarten (Dutch part)","551","Rural population","3010","Population - Est. & Proj.","2018","2018","1000 persons","0","X","International reliable sources",""
"OA","Annual population","280","Sint Maarten (Dutch part)","561","Urban population","3010","Population - Est. & Proj.","2018","2018","1000 persons","40.552","X","International reliable sources",""
"OA","Annual population","207","Suriname","511","Total Population - Both sexes","3010","Population - Est. & Proj.","2018","2018","1000 persons","575.99","X","International reliable sources",""
"OA","Annual population","207","Suriname","512","Total Population - Male","3010","Population - Est. & Proj.","2018","2018","1000 persons","289.623","X","International reliable sources",""
"OA","Annual population","207","Suriname","513","Total Population - Female","3010","Population - Est. & Proj.","2018","2018","1000 persons","286.364","X","International reliable sources",""
"OA","Annual population","207","Suriname","551","Rural population","3010","Population - Est. & Proj.","2018","2018","1000 persons","192.884","X","International reliable sources",""
"OA","Annual population","207","Suriname","561","Urban population","3010","Population - Est. & Proj.","2018","2018","1000 persons","375.417","X","International reliable sources","UNDESA, Population Division – World Urbanization Prospects, the 2018 Revision"
"OA","Annual population","220","Trinidad and Tobago","511","Total Population - Both sexes","3010","Population - Est. & Proj.","2018","2018","1000 persons","1389.843","X","International reliable sources",""
"OA","Annual population","220","Trinidad and Tobago","512","Total Population - Male","3010","Population - Est. & Proj.","2018","2018","1000 persons","686.702","X","International reliable sources",""
"OA","Annual population","220","Trinidad and Tobago","513","Total Population - Female","3010","Population - Est. & Proj.","2018","2018","1000 persons","703.139","X","International reliable sources",""
"OA","Annual population","220","Trinidad and Tobago","551","Rural population","3010","Population - Est. & Proj.","2018","2018","1000 persons","642.593","X","International reliable sources",""
"OA","Annual population","220","Trinidad and Tobago","561","Urban population","3010","Population - Est. & Proj.","2018","2018","1000 persons","730.005","X","International reliable sources","UNDESA, Population Division – World Urbanization Prospects, the 2018 Revision"
"OA","Annual population","224","Turks and Caicos Islands","511","Total Population - Both sexes","3010","Population - Est. & Proj.","2018","2018","1000 persons","37.665","X","International reliable sources",""
"OA","Annual population","224","Turks and Caicos Islands","551","Rural population","3010","Population - Est. & Proj.","2018","2018","1000 persons","2.482","X","International reliable sources",""
"OA","Annual population","224","Turks and Caicos Islands","561","Urban population","3010","Population - Est. & Proj.","2018","2018","1000 persons","33.481","X","International reliable sources","UNDESA, Population Division – World Urbanization Prospects, the 2018 Revision"
"OA","Annual population","231","United States of America","511","Total Population - Both sexes","3010","Population - Est. & Proj.","2018","2018","1000 persons","327096.265","X","International reliable sources",""
"OA","Annual population","231","United States of America","512","Total Population - Male","3010","Population - Est. & Proj.","2018","2018","1000 persons","161847.183","X","International reliable sources",""
"OA","Annual population","231","United States of America","513","Total Population - Female","3010","Population - Est. & Proj.","2018","2018","1000 persons","165249.08","X","International reliable sources",""
"OA","Annual population","231","United States of America","551","Rural population","3010","Population - Est. & Proj.","2018","2018","1000 persons","57980.034","X","International reliable sources",""
"OA","Annual population","231","United States of America","561","Urban population","3010","Population - Est. & Proj.","2018","2018","1000 persons","268786.714","X","International reliable sources","UNDESA, Population Division – World Urbanization Prospects, the 2018 Revision"
"OA","Annual population","240","United States Virgin Islands","511","Total Population - Both sexes","3010","Population - Est. & Proj.","2018","2018","1000 persons","104.68","X","International reliable sources",""
"OA","Annual population","240","United States Virgin Islands","512","Total Population - Male","3010","Population - Est. & Proj.","2018","2018","1000 persons","49.785","X","International reliable sources",""
"OA","Annual population","240","United States Virgin Islands","513","Total Population - Female","3010","Population - Est. & Proj.","2018","2018","1000 persons","54.887","X","International reliable sources",""
"OA","Annual population","240","United States Virgin Islands","551","Rural population","3010","Population - Est. & Proj.","2018","2018","1000 persons","4.49","X","International reliable sources",""
"OA","Annual population","240","United States Virgin Islands","561","Urban population","3010","Population - Est. & Proj.","2018","2018","1000 persons","100.424","X","International reliable sources","UNDESA, Population Division – World Urbanization Prospects, the 2018 Revision"
"OA","Annual population","234","Uruguay","511","Total Population - Both sexes","3010","Population - Est. & Proj.","2018","2018","1000 persons","3449.285","X","International reliable sources",""
"OA","Annual population","234","Uruguay","512","Total Population - Male","3010","Population - Est. & Proj.","2018","2018","1000 persons","1665.264","X","International reliable sources",""
"OA","Annual population","234","Uruguay","513","Total Population - Female","3010","Population - Est. & Proj.","2018","2018","1000 persons","1784.026","X","International reliable sources",""
"OA","Annual population","234","Uruguay","551","Rural population","3010","Population - Est. & Proj.","2018","2018","1000 persons","161.889","X","International reliable sources",""
"OA","Annual population","234","Uruguay","561","Urban population","3010","Population - Est. & Proj.","2018","2018","1000 persons","3307.662","X","International reliable sources","UNDESA, Population Division – World Urbanization Prospects, the 2018 Revision"
"OA","Annual population","236","Venezuela (Bolivarian Republic of)","511","Total Population - Both sexes","3010","Population - Est. & Proj.","2018","2018","1000 persons","28887.118","X","International reliable sources",""
"OA","Annual population","236","Venezuela (Bolivarian Republic of)","512","Total Population - Male","3010","Population - Est. & Proj.","2018","2018","1000 persons","14260.628","X","International reliable sources",""
"OA","Annual population","236","Venezuela (Bolivarian Republic of)","513","Total Population - Female","3010","Population - Est. & Proj.","2018","2018","1000 persons","14626.489","X","International reliable sources",""
"OA","Annual population","236","Venezuela (Bolivarian Republic of)","551","Rural population","3010","Population - Est. & Proj.","2018","2018","1000 persons","3818.502","X","International reliable sources",""
"OA","Annual population","236","Venezuela (Bolivarian Republic of)","561","Urban population","3010","Population - Est. & Proj.","2018","2018","1000 persons","28562.719","X","International reliable sources","UNDESA, Population Division – World Urbanization Prospects, the 2018 Revision"
