Domain Code,Domain,Area Code (FAO),Area,Element Code,Element,Item Code (FAO),Item,Year Code,Year,Unit,Value,Flag,Flag Description
"QCL","Crops and livestock products","33","Canada","5312","Area harvested","711","Anise, badian, fennel, coriander","2020","2020","ha","13980","Im","FAO data based on imputation methodology"
"QCL","Crops and livestock products","33","Canada","5419","Yield","711","Anise, badian, fennel, coriander","2020","2020","hg/ha","8675","Fc","Calculated data"
"QCL","Crops and livestock products","33","Canada","5510","Production","711","Anise, badian, fennel, coriander","2020","2020","tonnes","12128","Im","FAO data based on imputation methodology"
"QCL","Crops and livestock products","33","Canada","5312","Area harvested","515","Apples","2020","2020","ha","15316","","Official data"
"QCL","Crops and livestock products","33","Canada","5419","Yield","515","Apples","2020","2020","hg/ha","251666","Fc","Calculated data"
"QCL","Crops and livestock products","33","Canada","5510","Production","515","Apples","2020","2020","tonnes","385452","","Official data"
"QCL","Crops and livestock products","33","Canada","5312","Area harvested","526","Apricots","2020","2020","ha","101","","Official data"
"QCL","Crops and livestock products","33","Canada","5419","Yield","526","Apricots","2020","2020","hg/ha","80000","Fc","Calculated data"
"QCL","Crops and livestock products","33","Canada","5510","Production","526","Apricots","2020","2020","tonnes","808","","Official data"
"QCL","Crops and livestock products","33","Canada","5312","Area harvested","367","Asparagus","2020","2020","ha","1941","","Official data"
"QCL","Crops and livestock products","33","Canada","5419","Yield","367","Asparagus","2020","2020","hg/ha","39912","Fc","Calculated data"
"QCL","Crops and livestock products","33","Canada","5510","Production","367","Asparagus","2020","2020","tonnes","7747","","Official data"
"QCL","Crops and livestock products","33","Canada","5312","Area harvested","44","Barley","2020","2020","ha","2808700","","Official data"
"QCL","Crops and livestock products","33","Canada","5419","Yield","44","Barley","2020","2020","hg/ha","38240","Fc","Calculated data"
"QCL","Crops and livestock products","33","Canada","5510","Production","44","Barley","2020","2020","tonnes","10740600","","Official data"
"QCL","Crops and livestock products","33","Canada","5312","Area harvested","176","Beans, dry","2020","2020","ha","182900","","Official data"
"QCL","Crops and livestock products","33","Canada","5419","Yield","176","Beans, dry","2020","2020","hg/ha","26791","Fc","Calculated data"
"QCL","Crops and livestock products","33","Canada","5510","Production","176","Beans, dry","2020","2020","tonnes","490000","","Official data"
"QCL","Crops and livestock products","33","Canada","5312","Area harvested","414","Beans, green","2020","2020","ha","7624","","Official data"
"QCL","Crops and livestock products","33","Canada","5419","Yield","414","Beans, green","2020","2020","hg/ha","67263","Fc","Calculated data"
"QCL","Crops and livestock products","33","Canada","5510","Production","414","Beans, green","2020","2020","tonnes","51281","","Official data"
"QCL","Crops and livestock products","33","Canada","5114","Stocks","1181","Beehives","2020","2020","No","711257","Im","FAO data based on imputation methodology"
"QCL","Crops and livestock products","33","Canada","5312","Area harvested","558","Berries nes","2020","2020","ha","","M","Data not available"
"QCL","Crops and livestock products","33","Canada","5510","Production","558","Berries nes","2020","2020","tonnes","","M","Data not available"
"QCL","Crops and livestock products","33","Canada","5312","Area harvested","552","Blueberries","2020","2020","ha","39758","","Official data"
"QCL","Crops and livestock products","33","Canada","5419","Yield","552","Blueberries","2020","2020","hg/ha","36815","Fc","Calculated data"
"QCL","Crops and livestock products","33","Canada","5510","Production","552","Blueberries","2020","2020","tonnes","146370","","Official data"
"QCL","Crops and livestock products","33","Canada","5312","Area harvested","181","Broad beans, horse beans, dry","2020","2020","ha","","M","Data not available"
"QCL","Crops and livestock products","33","Canada","5510","Production","181","Broad beans, horse beans, dry","2020","2020","tonnes","","M","Data not available"
"QCL","Crops and livestock products","33","Canada","5312","Area harvested","89","Buckwheat","2020","2020","ha","9800","","Official data"
"QCL","Crops and livestock products","33","Canada","5419","Yield","89","Buckwheat","2020","2020","hg/ha","9082","Fc","Calculated data"
"QCL","Crops and livestock products","33","Canada","5510","Production","89","Buckwheat","2020","2020","tonnes","8900","","Official data"
"QCL","Crops and livestock products","33","Canada","5312","Area harvested","358","Cabbages and other brassicas","2020","2020","ha","5518","","Official data"
"QCL","Crops and livestock products","33","Canada","5419","Yield","358","Cabbages and other brassicas","2020","2020","hg/ha","314369","Fc","Calculated data"
"QCL","Crops and livestock products","33","Canada","5510","Production","358","Cabbages and other brassicas","2020","2020","tonnes","173469","","Official data"
"QCL","Crops and livestock products","33","Canada","5312","Area harvested","101","Canary seed","2020","2020","ha","110200","","Official data"
"QCL","Crops and livestock products","33","Canada","5419","Yield","101","Canary seed","2020","2020","hg/ha","16171","Fc","Calculated data"
"QCL","Crops and livestock products","33","Canada","5510","Production","101","Canary seed","2020","2020","tonnes","178200","","Official data"
"QCL","Crops and livestock products","33","Canada","5312","Area harvested","426","Carrots and turnips","2020","2020","ha","7531","","Official data"
"QCL","Crops and livestock products","33","Canada","5419","Yield","426","Carrots and turnips","2020","2020","hg/ha","465561","Fc","Calculated data"
"QCL","Crops and livestock products","33","Canada","5510","Production","426","Carrots and turnips","2020","2020","tonnes","350614","","Official data"
"QCL","Crops and livestock products","33","Canada","5111","Stocks","866","Cattle","2020","2020","Head","11265000","","Official data"
"QCL","Crops and livestock products","33","Canada","5312","Area harvested","393","Cauliflowers and broccoli","2020","2020","ha","5677","","Official data"
"QCL","Crops and livestock products","33","Canada","5419","Yield","393","Cauliflowers and broccoli","2020","2020","hg/ha","119859","Fc","Calculated data"
"QCL","Crops and livestock products","33","Canada","5510","Production","393","Cauliflowers and broccoli","2020","2020","tonnes","68044","","Official data"
"QCL","Crops and livestock products","33","Canada","5312","Area harvested","531","Cherries","2020","2020","ha","2020","","Official data"
"QCL","Crops and livestock products","33","Canada","5419","Yield","531","Cherries","2020","2020","hg/ha","86614","Fc","Calculated data"
"QCL","Crops and livestock products","33","Canada","5510","Production","531","Cherries","2020","2020","tonnes","17496","","Official data"
"QCL","Crops and livestock products","33","Canada","5312","Area harvested","530","Cherries, sour","2020","2020","ha","692","","Official data"
"QCL","Crops and livestock products","33","Canada","5419","Yield","530","Cherries, sour","2020","2020","hg/ha","45506","Fc","Calculated data"
"QCL","Crops and livestock products","33","Canada","5510","Production","530","Cherries, sour","2020","2020","tonnes","3149","","Official data"
"QCL","Crops and livestock products","33","Canada","5312","Area harvested","191","Chick peas","2020","2020","ha","119900","","Official data"
"QCL","Crops and livestock products","33","Canada","5419","Yield","191","Chick peas","2020","2020","hg/ha","17882","Fc","Calculated data"
"QCL","Crops and livestock products","33","Canada","5510","Production","191","Chick peas","2020","2020","tonnes","214400","","Official data"
"QCL","Crops and livestock products","33","Canada","5112","Stocks","1057","Chickens","2020","2020","1000 Head","171718","Im","FAO data based on imputation methodology"
"QCL","Crops and livestock products","33","Canada","5312","Area harvested","401","Chillies and peppers, green","2020","2020","ha","2169","","Official data"
"QCL","Crops and livestock products","33","Canada","5419","Yield","401","Chillies and peppers, green","2020","2020","hg/ha","301886","Fc","Calculated data"
"QCL","Crops and livestock products","33","Canada","5510","Production","401","Chillies and peppers, green","2020","2020","tonnes","65479","","Official data"
"QCL","Crops and livestock products","33","Canada","5312","Area harvested","554","Cranberries","2020","2020","ha","6742","","Official data"
"QCL","Crops and livestock products","33","Canada","5419","Yield","554","Cranberries","2020","2020","hg/ha","240141","Fc","Calculated data"
"QCL","Crops and livestock products","33","Canada","5510","Production","554","Cranberries","2020","2020","tonnes","161903","","Official data"
"QCL","Crops and livestock products","33","Canada","5312","Area harvested","397","Cucumbers and gherkins","2020","2020","ha","2277","","Official data"
"QCL","Crops and livestock products","33","Canada","5419","Yield","397","Cucumbers and gherkins","2020","2020","hg/ha","251673","Fc","Calculated data"
"QCL","Crops and livestock products","33","Canada","5510","Production","397","Cucumbers and gherkins","2020","2020","tonnes","57306","","Official data"
"QCL","Crops and livestock products","33","Canada","5112","Stocks","1068","Ducks","2020","2020","1000 Head","1496","Im","FAO data based on imputation methodology"
"QCL","Crops and livestock products","33","Canada","5410","Yield","1062","Eggs, hen, in shell","2020","2020","100mg/An","177063","Fc","Calculated data"
"QCL","Crops and livestock products","33","Canada","5413","Yield","1062","Eggs, hen, in shell","2020","2020","No/An","295","Fc","Calculated data"
"QCL","Crops and livestock products","33","Canada","5510","Production","1062","Eggs, hen, in shell","2020","2020","tonnes","604300","*","Unofficial figure"
"QCL","Crops and livestock products","33","Canada","5513","Production","1062","Eggs, hen, in shell","2020","2020","1000 No","10071780","","Official data"
"QCL","Crops and livestock products","33","Canada","5313","Laying","1062","Eggs, hen, in shell","2020","2020","1000 Head","34129","","Official data"
"QCL","Crops and livestock products","33","Canada","5510","Production","869","Fat, cattle","2020","2020","tonnes","58041","Im","FAO data based on imputation methodology"
"QCL","Crops and livestock products","33","Canada","5320","Producing Animals/Slaughtered","869","Fat, cattle","2020","2020","Head","3538900","","Official data"
"QCL","Crops and livestock products","33","Canada","5510","Production","1037","Fat, pigs","2020","2020","tonnes","185077","Im","FAO data based on imputation methodology"
"QCL","Crops and livestock products","33","Canada","5320","Producing Animals/Slaughtered","1037","Fat, pigs","2020","2020","Head","22721800","","Official data"
"QCL","Crops and livestock products","33","Canada","5510","Production","979","Fat, sheep","2020","2020","tonnes","572","Im","FAO data based on imputation methodology"
"QCL","Crops and livestock products","33","Canada","5320","Producing Animals/Slaughtered","979","Fat, sheep","2020","2020","Head","744800","","Official data"
"QCL","Crops and livestock products","33","Canada","5312","Area harvested","821","Fibre crops nes","2020","2020","ha","23141","Im","FAO data based on imputation methodology"
"QCL","Crops and livestock products","33","Canada","5419","Yield","821","Fibre crops nes","2020","2020","hg/ha","12270","Fc","Calculated data"
"QCL","Crops and livestock products","33","Canada","5510","Production","821","Fibre crops nes","2020","2020","tonnes","28393","Im","FAO data based on imputation methodology"
"QCL","Crops and livestock products","33","Canada","5510","Production","619","Fruit, fresh nes","2020","2020","tonnes","0","Im","FAO data based on imputation methodology"
"QCL","Crops and livestock products","33","Canada","5312","Area harvested","406","Garlic","2020","2020","ha","542","","Official data"
"QCL","Crops and livestock products","33","Canada","5419","Yield","406","Garlic","2020","2020","hg/ha","23173","Fc","Calculated data"
"QCL","Crops and livestock products","33","Canada","5510","Production","406","Garlic","2020","2020","tonnes","1256","","Official data"
"QCL","Crops and livestock products","33","Canada","5112","Stocks","1072","Geese and guinea fowls","2020","2020","1000 Head","329","Im","FAO data based on imputation methodology"
"QCL","Crops and livestock products","33","Canada","5111","Stocks","1016","Goats","2020","2020","Head","30122","Im","FAO data based on imputation methodology"
"QCL","Crops and livestock products","33","Canada","5312","Area harvested","103","Grain, mixed","2020","2020","ha","96500","","Official data"
"QCL","Crops and livestock products","33","Canada","5419","Yield","103","Grain, mixed","2020","2020","hg/ha","24145","Fc","Calculated data"
"QCL","Crops and livestock products","33","Canada","5510","Production","103","Grain, mixed","2020","2020","tonnes","233000","","Official data"
"QCL","Crops and livestock products","33","Canada","5312","Area harvested","560","Grapes","2020","2020","ha","11853","","Official data"
"QCL","Crops and livestock products","33","Canada","5419","Yield","560","Grapes","2020","2020","hg/ha","85291","Fc","Calculated data"
"QCL","Crops and livestock products","33","Canada","5510","Production","560","Grapes","2020","2020","tonnes","101095","","Official data"
"QCL","Crops and livestock products","33","Canada","5420","Yield","919","Hides, cattle, fresh","2020","2020","hg/An","328","Fc","Calculated data"
"QCL","Crops and livestock products","33","Canada","5510","Production","919","Hides, cattle, fresh","2020","2020","tonnes","116083","Im","FAO data based on imputation methodology"
"QCL","Crops and livestock products","33","Canada","5320","Producing Animals/Slaughtered","919","Hides, cattle, fresh","2020","2020","Head","3538900","","Official data"
"QCL","Crops and livestock products","33","Canada","5510","Production","1182","Honey, natural","2020","2020","tonnes","37601","","Official data"
"QCL","Crops and livestock products","33","Canada","5312","Area harvested","677","Hops","2020","2020","ha","0","Im","FAO data based on imputation methodology"
"QCL","Crops and livestock products","33","Canada","5510","Production","677","Hops","2020","2020","tonnes","0","Im","FAO data based on imputation methodology"
"QCL","Crops and livestock products","33","Canada","5111","Stocks","1096","Horses","2020","2020","Head","399251","Im","FAO data based on imputation methodology"
"QCL","Crops and livestock products","33","Canada","5312","Area harvested","592","Kiwi fruit","2020","2020","ha","4","Im","FAO data based on imputation methodology"
"QCL","Crops and livestock products","33","Canada","5419","Yield","592","Kiwi fruit","2020","2020","hg/ha","67500","Fc","Calculated data"
"QCL","Crops and livestock products","33","Canada","5510","Production","592","Kiwi fruit","2020","2020","tonnes","27","Im","FAO data based on imputation methodology"
"QCL","Crops and livestock products","33","Canada","5312","Area harvested","407","Leeks, other alliaceous vegetables","2020","2020","ha","328","","Official data"
"QCL","Crops and livestock products","33","Canada","5419","Yield","407","Leeks, other alliaceous vegetables","2020","2020","hg/ha","204665","Fc","Calculated data"
"QCL","Crops and livestock products","33","Canada","5510","Production","407","Leeks, other alliaceous vegetables","2020","2020","tonnes","6713","","Official data"
"QCL","Crops and livestock products","33","Canada","5312","Area harvested","201","Lentils","2020","2020","ha","1704800","","Official data"
"QCL","Crops and livestock products","33","Canada","5419","Yield","201","Lentils","2020","2020","hg/ha","16822","Fc","Calculated data"
"QCL","Crops and livestock products","33","Canada","5510","Production","201","Lentils","2020","2020","tonnes","2867800","","Official data"
"QCL","Crops and livestock products","33","Canada","5312","Area harvested","372","Lettuce and chicory","2020","2020","ha","3247","","Official data"
"QCL","Crops and livestock products","33","Canada","5419","Yield","372","Lettuce and chicory","2020","2020","hg/ha","205768","Fc","Calculated data"
"QCL","Crops and livestock products","33","Canada","5510","Production","372","Lettuce and chicory","2020","2020","tonnes","66813","","Official data"
"QCL","Crops and livestock products","33","Canada","5312","Area harvested","333","Linseed","2020","2020","ha","371000","*","Unofficial figure"
"QCL","Crops and livestock products","33","Canada","5419","Yield","333","Linseed","2020","2020","hg/ha","15580","Fc","Calculated data"
"QCL","Crops and livestock products","33","Canada","5510","Production","333","Linseed","2020","2020","tonnes","578000","*","Unofficial figure"
"QCL","Crops and livestock products","33","Canada","5312","Area harvested","56","Maize","2020","2020","ha","1408200","","Official data"
"QCL","Crops and livestock products","33","Canada","5419","Yield","56","Maize","2020","2020","hg/ha","96317","Fc","Calculated data"
"QCL","Crops and livestock products","33","Canada","5510","Production","56","Maize","2020","2020","tonnes","13563400","","Official data"
"QCL","Crops and livestock products","33","Canada","5312","Area harvested","446","Maize, green","2020","2020","ha","16521","","Official data"
"QCL","Crops and livestock products","33","Canada","5419","Yield","446","Maize, green","2020","2020","hg/ha","119771","Fc","Calculated data"
"QCL","Crops and livestock products","33","Canada","5510","Production","446","Maize, green","2020","2020","tonnes","197873","","Official data"
"QCL","Crops and livestock products","33","Canada","5510","Production","1166","Meat nes","2020","2020","tonnes","2634","Im","FAO data based on imputation methodology"
"QCL","Crops and livestock products","33","Canada","5417","Yield/Carcass Weight","867","Meat, cattle","2020","2020","hg/An","3905","Fc","Calculated data"
"QCL","Crops and livestock products","33","Canada","5510","Production","867","Meat, cattle","2020","2020","tonnes","1381940","","Official data"
"QCL","Crops and livestock products","33","Canada","5320","Producing Animals/Slaughtered","867","Meat, cattle","2020","2020","Head","3538900","","Official data"
"QCL","Crops and livestock products","33","Canada","5424","Yield/Carcass Weight","1058","Meat, chicken","2020","2020","0.1g/An","17282","Fc","Calculated data"
"QCL","Crops and livestock products","33","Canada","5510","Production","1058","Meat, chicken","2020","2020","tonnes","1304676","","Official data"
"QCL","Crops and livestock products","33","Canada","5321","Producing Animals/Slaughtered","1058","Meat, chicken","2020","2020","1000 Head","754946","","Official data"
"QCL","Crops and livestock products","33","Canada","5424","Yield/Carcass Weight","1069","Meat, duck","2020","2020","0.1g/An","20033","Fc","Calculated data"
"QCL","Crops and livestock products","33","Canada","5510","Production","1069","Meat, duck","2020","2020","tonnes","8983","Im","FAO data based on imputation methodology"
"QCL","Crops and livestock products","33","Canada","5321","Producing Animals/Slaughtered","1069","Meat, duck","2020","2020","1000 Head","4484","Im","FAO data based on imputation methodology"
"QCL","Crops and livestock products","33","Canada","5424","Yield/Carcass Weight","1073","Meat, goose and guinea fowl","2020","2020","0.1g/An","49847","Fc","Calculated data"
"QCL","Crops and livestock products","33","Canada","5510","Production","1073","Meat, goose and guinea fowl","2020","2020","tonnes","977","Im","FAO data based on imputation methodology"
"QCL","Crops and livestock products","33","Canada","5321","Producing Animals/Slaughtered","1073","Meat, goose and guinea fowl","2020","2020","1000 Head","196","Im","FAO data based on imputation methodology"
"QCL","Crops and livestock products","33","Canada","5417","Yield/Carcass Weight","1097","Meat, horse","2020","2020","hg/An","2200","Fc","Calculated data"
"QCL","Crops and livestock products","33","Canada","5510","Production","1097","Meat, horse","2020","2020","tonnes","22528","Im","FAO data based on imputation methodology"
"QCL","Crops and livestock products","33","Canada","5320","Producing Animals/Slaughtered","1097","Meat, horse","2020","2020","Head","102402","Im","FAO data based on imputation methodology"
"QCL","Crops and livestock products","33","Canada","5417","Yield/Carcass Weight","1035","Meat, pig","2020","2020","hg/An","1012","Fc","Calculated data"
"QCL","Crops and livestock products","33","Canada","5510","Production","1035","Meat, pig","2020","2020","tonnes","2299446","","Official data"
"QCL","Crops and livestock products","33","Canada","5320","Producing Animals/Slaughtered","1035","Meat, pig","2020","2020","Head","22721800","","Official data"
"QCL","Crops and livestock products","33","Canada","5417","Yield/Carcass Weight","977","Meat, sheep","2020","2020","hg/An","226","Fc","Calculated data"
"QCL","Crops and livestock products","33","Canada","5510","Production","977","Meat, sheep","2020","2020","tonnes","16832","","Official data"
"QCL","Crops and livestock products","33","Canada","5320","Producing Animals/Slaughtered","977","Meat, sheep","2020","2020","Head","744800","","Official data"
"QCL","Crops and livestock products","33","Canada","5424","Yield/Carcass Weight","1080","Meat, turkey","2020","2020","0.1g/An","84504","Fc","Calculated data"
"QCL","Crops and livestock products","33","Canada","5510","Production","1080","Meat, turkey","2020","2020","tonnes","158293","","Official data"
"QCL","Crops and livestock products","33","Canada","5321","Producing Animals/Slaughtered","1080","Meat, turkey","2020","2020","1000 Head","18732","","Official data"
"QCL","Crops and livestock products","33","Canada","5312","Area harvested","568","Melons, other (inc.cantaloupes)","2020","2020","ha","405","","Official data"
"QCL","Crops and livestock products","33","Canada","5419","Yield","568","Melons, other (inc.cantaloupes)","2020","2020","hg/ha","272815","Fc","Calculated data"
"QCL","Crops and livestock products","33","Canada","5510","Production","568","Melons, other (inc.cantaloupes)","2020","2020","tonnes","11049","","Official data"
"QCL","Crops and livestock products","33","Canada","5420","Yield","882","Milk, whole fresh cow","2020","2020","hg/An","95148","Fc","Calculated data"
"QCL","Crops and livestock products","33","Canada","5510","Production","882","Milk, whole fresh cow","2020","2020","tonnes","9331117","","Official data"
"QCL","Crops and livestock products","33","Canada","5318","Milk Animals","882","Milk, whole fresh cow","2020","2020","Head","980700","","Official data"
"QCL","Crops and livestock products","33","Canada","5111","Stocks","1110","Mules","2020","2020","Head","4000","Im","FAO data based on imputation methodology"
"QCL","Crops and livestock products","33","Canada","5510","Production","449","Mushrooms and truffles","2020","2020","tonnes","132589","","Official data"
"QCL","Crops and livestock products","33","Canada","5312","Area harvested","292","Mustard seed","2020","2020","ha","101300","","Official data"
"QCL","Crops and livestock products","33","Canada","5419","Yield","292","Mustard seed","2020","2020","hg/ha","9753","Fc","Calculated data"
"QCL","Crops and livestock products","33","Canada","5510","Production","292","Mustard seed","2020","2020","tonnes","98800","","Official data"
"QCL","Crops and livestock products","33","Canada","5312","Area harvested","75","Oats","2020","2020","ha","1314300","","Official data"
"QCL","Crops and livestock products","33","Canada","5419","Yield","75","Oats","2020","2020","hg/ha","34815","Fc","Calculated data"
"QCL","Crops and livestock products","33","Canada","5510","Production","75","Oats","2020","2020","tonnes","4575800","","Official data"
"QCL","Crops and livestock products","33","Canada","5510","Production","868","Offals, edible, cattle","2020","2020","tonnes","44222","Im","FAO data based on imputation methodology"
"QCL","Crops and livestock products","33","Canada","5320","Producing Animals/Slaughtered","868","Offals, edible, cattle","2020","2020","Head","3538900","","Official data"
"QCL","Crops and livestock products","33","Canada","5510","Production","1098","Offals, horses","2020","2020","tonnes","2253","Im","FAO data based on imputation methodology"
"QCL","Crops and livestock products","33","Canada","5320","Producing Animals/Slaughtered","1098","Offals, horses","2020","2020","Head","102402","Im","FAO data based on imputation methodology"
"QCL","Crops and livestock products","33","Canada","5510","Production","1036","Offals, pigs, edible","2020","2020","tonnes","134602","Im","FAO data based on imputation methodology"
"QCL","Crops and livestock products","33","Canada","5320","Producing Animals/Slaughtered","1036","Offals, pigs, edible","2020","2020","Head","22721800","","Official data"
"QCL","Crops and livestock products","33","Canada","5510","Production","978","Offals, sheep,edible","2020","2020","tonnes","640","Im","FAO data based on imputation methodology"
"QCL","Crops and livestock products","33","Canada","5320","Producing Animals/Slaughtered","978","Offals, sheep,edible","2020","2020","Head","744800","","Official data"
"QCL","Crops and livestock products","33","Canada","5312","Area harvested","339","Oilseeds nes","2020","2020","ha","81175","Im","FAO data based on imputation methodology"
"QCL","Crops and livestock products","33","Canada","5419","Yield","339","Oilseeds nes","2020","2020","hg/ha","3275","Fc","Calculated data"
"QCL","Crops and livestock products","33","Canada","5510","Production","339","Oilseeds nes","2020","2020","tonnes","26587","Im","FAO data based on imputation methodology"
"QCL","Crops and livestock products","33","Canada","5312","Area harvested","403","Onions, dry","2020","2020","ha","5496","","Official data"
"QCL","Crops and livestock products","33","Canada","5419","Yield","403","Onions, dry","2020","2020","hg/ha","417542","Fc","Calculated data"
"QCL","Crops and livestock products","33","Canada","5510","Production","403","Onions, dry","2020","2020","tonnes","229481","","Official data"
"QCL","Crops and livestock products","33","Canada","5312","Area harvested","534","Peaches and nectarines","2020","2020","ha","2417","","Official data"
"QCL","Crops and livestock products","33","Canada","5419","Yield","534","Peaches and nectarines","2020","2020","hg/ha","92296","Fc","Calculated data"
"QCL","Crops and livestock products","33","Canada","5510","Production","534","Peaches and nectarines","2020","2020","tonnes","22308","","Official data"
"QCL","Crops and livestock products","33","Canada","5312","Area harvested","521","Pears","2020","2020","ha","710","","Official data"
"QCL","Crops and livestock products","33","Canada","5419","Yield","521","Pears","2020","2020","hg/ha","116127","Fc","Calculated data"
"QCL","Crops and livestock products","33","Canada","5510","Production","521","Pears","2020","2020","tonnes","8245","","Official data"
"QCL","Crops and livestock products","33","Canada","5312","Area harvested","187","Peas, dry","2020","2020","ha","1684500","","Official data"
"QCL","Crops and livestock products","33","Canada","5419","Yield","187","Peas, dry","2020","2020","hg/ha","27274","Fc","Calculated data"
"QCL","Crops and livestock products","33","Canada","5510","Production","187","Peas, dry","2020","2020","tonnes","4594300","","Official data"
"QCL","Crops and livestock products","33","Canada","5312","Area harvested","417","Peas, green","2020","2020","ha","11760","","Official data"
"QCL","Crops and livestock products","33","Canada","5419","Yield","417","Peas, green","2020","2020","hg/ha","42661","Fc","Calculated data"
"QCL","Crops and livestock products","33","Canada","5510","Production","417","Peas, green","2020","2020","tonnes","50169","","Official data"
"QCL","Crops and livestock products","33","Canada","5111","Stocks","1034","Pigs","2020","2020","Head","13970000","","Official data"
"QCL","Crops and livestock products","33","Canada","5312","Area harvested","536","Plums and sloes","2020","2020","ha","493","","Official data"
"QCL","Crops and livestock products","33","Canada","5419","Yield","536","Plums and sloes","2020","2020","hg/ha","71826","Fc","Calculated data"
"QCL","Crops and livestock products","33","Canada","5510","Production","536","Plums and sloes","2020","2020","tonnes","3541","","Official data"
"QCL","Crops and livestock products","33","Canada","5312","Area harvested","116","Potatoes","2020","2020","ha","143616","","Official data"
"QCL","Crops and livestock products","33","Canada","5419","Yield","116","Potatoes","2020","2020","hg/ha","368725","Fc","Calculated data"
"QCL","Crops and livestock products","33","Canada","5510","Production","116","Potatoes","2020","2020","tonnes","5295484","","Official data"
"QCL","Crops and livestock products","33","Canada","5312","Area harvested","394","Pumpkins, squash and gourds","2020","2020","ha","6076","","Official data"
"QCL","Crops and livestock products","33","Canada","5419","Yield","394","Pumpkins, squash and gourds","2020","2020","hg/ha","232610","Fc","Calculated data"
"QCL","Crops and livestock products","33","Canada","5510","Production","394","Pumpkins, squash and gourds","2020","2020","tonnes","141334","","Official data"
"QCL","Crops and livestock products","33","Canada","5312","Area harvested","270","Rapeseed","2020","2020","ha","8325200","","Official data"
"QCL","Crops and livestock products","33","Canada","5419","Yield","270","Rapeseed","2020","2020","hg/ha","23404","Fc","Calculated data"
"QCL","Crops and livestock products","33","Canada","5510","Production","270","Rapeseed","2020","2020","tonnes","19484700","","Official data"
"QCL","Crops and livestock products","33","Canada","5312","Area harvested","547","Raspberries","2020","2020","ha","1695","","Official data"
"QCL","Crops and livestock products","33","Canada","5419","Yield","547","Raspberries","2020","2020","hg/ha","42088","Fc","Calculated data"
"QCL","Crops and livestock products","33","Canada","5510","Production","547","Raspberries","2020","2020","tonnes","7134","","Official data"
"QCL","Crops and livestock products","33","Canada","5312","Area harvested","71","Rye","2020","2020","ha","153000","","Official data"
"QCL","Crops and livestock products","33","Canada","5419","Yield","71","Rye","2020","2020","hg/ha","31882","Fc","Calculated data"
"QCL","Crops and livestock products","33","Canada","5510","Production","71","Rye","2020","2020","tonnes","487800","","Official data"
"QCL","Crops and livestock products","33","Canada","5312","Area harvested","280","Safflower seed","2020","2020","ha","","M","Data not available"
"QCL","Crops and livestock products","33","Canada","5510","Production","280","Safflower seed","2020","2020","tonnes","","M","Data not available"
"QCL","Crops and livestock products","33","Canada","5111","Stocks","976","Sheep","2020","2020","Head","795800","","Official data"
"QCL","Crops and livestock products","33","Canada","5420","Yield","995","Skins, sheep, fresh","2020","2020","hg/An","32","Fc","Calculated data"
"QCL","Crops and livestock products","33","Canada","5510","Production","995","Skins, sheep, fresh","2020","2020","tonnes","2390","Im","FAO data based on imputation methodology"
"QCL","Crops and livestock products","33","Canada","5320","Producing Animals/Slaughtered","995","Skins, sheep, fresh","2020","2020","Head","744800","","Official data"
"QCL","Crops and livestock products","33","Canada","5312","Area harvested","236","Soybeans","2020","2020","ha","2041200","","Official data"
"QCL","Crops and livestock products","33","Canada","5419","Yield","236","Soybeans","2020","2020","hg/ha","31151","Fc","Calculated data"
"QCL","Crops and livestock products","33","Canada","5510","Production","236","Soybeans","2020","2020","tonnes","6358500","","Official data"
"QCL","Crops and livestock products","33","Canada","5312","Area harvested","373","Spinach","2020","2020","ha","427","","Official data"
"QCL","Crops and livestock products","33","Canada","5419","Yield","373","Spinach","2020","2020","hg/ha","97283","Fc","Calculated data"
"QCL","Crops and livestock products","33","Canada","5510","Production","373","Spinach","2020","2020","tonnes","4154","","Official data"
"QCL","Crops and livestock products","33","Canada","5312","Area harvested","544","Strawberries","2020","2020","ha","2901","","Official data"
"QCL","Crops and livestock products","33","Canada","5419","Yield","544","Strawberries","2020","2020","hg/ha","81479","Fc","Calculated data"
"QCL","Crops and livestock products","33","Canada","5510","Production","544","Strawberries","2020","2020","tonnes","23637","","Official data"
"QCL","Crops and livestock products","33","Canada","5312","Area harvested","157","Sugar beet","2020","2020","ha","15100","","Official data"
"QCL","Crops and livestock products","33","Canada","5419","Yield","157","Sugar beet","2020","2020","hg/ha","706291","Fc","Calculated data"
"QCL","Crops and livestock products","33","Canada","5510","Production","157","Sugar beet","2020","2020","tonnes","1066500","","Official data"
"QCL","Crops and livestock products","33","Canada","5312","Area harvested","267","Sunflower seed","2020","2020","ha","45000","","Official data"
"QCL","Crops and livestock products","33","Canada","5419","Yield","267","Sunflower seed","2020","2020","hg/ha","22511","Fc","Calculated data"
"QCL","Crops and livestock products","33","Canada","5510","Production","267","Sunflower seed","2020","2020","tonnes","101300","","Official data"
"QCL","Crops and livestock products","33","Canada","5312","Area harvested","826","Tobacco, unmanufactured","2020","2020","ha","9789","Im","FAO data based on imputation methodology"
"QCL","Crops and livestock products","33","Canada","5419","Yield","826","Tobacco, unmanufactured","2020","2020","hg/ha","28367","Fc","Calculated data"
"QCL","Crops and livestock products","33","Canada","5510","Production","826","Tobacco, unmanufactured","2020","2020","tonnes","27768","Im","FAO data based on imputation methodology"
"QCL","Crops and livestock products","33","Canada","5312","Area harvested","388","Tomatoes","2020","2020","ha","5942","","Official data"
"QCL","Crops and livestock products","33","Canada","5419","Yield","388","Tomatoes","2020","2020","hg/ha","828359","Fc","Calculated data"
"QCL","Crops and livestock products","33","Canada","5510","Production","388","Tomatoes","2020","2020","tonnes","492211","","Official data"
"QCL","Crops and livestock products","33","Canada","5312","Area harvested","97","Triticale","2020","2020","ha","18500","","Official data"
"QCL","Crops and livestock products","33","Canada","5419","Yield","97","Triticale","2020","2020","hg/ha","23243","Fc","Calculated data"
"QCL","Crops and livestock products","33","Canada","5510","Production","97","Triticale","2020","2020","tonnes","43000","","Official data"
"QCL","Crops and livestock products","33","Canada","5112","Stocks","1079","Turkeys","2020","2020","1000 Head","5703","Im","FAO data based on imputation methodology"
"QCL","Crops and livestock products","33","Canada","5312","Area harvested","463","Vegetables, fresh nes","2020","2020","ha","5546","Im","FAO data based on imputation methodology"
"QCL","Crops and livestock products","33","Canada","5419","Yield","463","Vegetables, fresh nes","2020","2020","hg/ha","261154","Fc","Calculated data"
"QCL","Crops and livestock products","33","Canada","5510","Production","463","Vegetables, fresh nes","2020","2020","tonnes","144836","Im","FAO data based on imputation methodology"
"QCL","Crops and livestock products","33","Canada","5312","Area harvested","567","Watermelons","2020","2020","ha","660","","Official data"
"QCL","Crops and livestock products","33","Canada","5419","Yield","567","Watermelons","2020","2020","hg/ha","508515","Fc","Calculated data"
"QCL","Crops and livestock products","33","Canada","5510","Production","567","Watermelons","2020","2020","tonnes","33562","","Official data"
"QCL","Crops and livestock products","33","Canada","5312","Area harvested","15","Wheat","2020","2020","ha","10017800","","Official data"
"QCL","Crops and livestock products","33","Canada","5419","Yield","15","Wheat","2020","2020","hg/ha","35120","Fc","Calculated data"
"QCL","Crops and livestock products","33","Canada","5510","Production","15","Wheat","2020","2020","tonnes","35183000","","Official data"
"QCL","Crops and livestock products","33","Canada","5510","Production","987","Wool, greasy","2020","2020","tonnes","1246","Im","FAO data based on imputation methodology"
"QCL","Crops and livestock products","231","United States of America","5312","Area harvested","221","Almonds, with shell","2020","2020","ha","505858","","Official data"
"QCL","Crops and livestock products","231","United States of America","5419","Yield","221","Almonds, with shell","2020","2020","hg/ha","46852","Fc","Calculated data"
"QCL","Crops and livestock products","231","United States of America","5510","Production","221","Almonds, with shell","2020","2020","tonnes","2370021","","Official data"
"QCL","Crops and livestock products","231","United States of America","5312","Area harvested","515","Apples","2020","2020","ha","119504","","Official data"
"QCL","Crops and livestock products","231","United States of America","5419","Yield","515","Apples","2020","2020","hg/ha","389166","Fc","Calculated data"
"QCL","Crops and livestock products","231","United States of America","5510","Production","515","Apples","2020","2020","tonnes","4650684","","Official data"
"QCL","Crops and livestock products","231","United States of America","5312","Area harvested","526","Apricots","2020","2020","ha","3586","","Official data"
"QCL","Crops and livestock products","231","United States of America","5419","Yield","526","Apricots","2020","2020","hg/ha","84492","Fc","Calculated data"
"QCL","Crops and livestock products","231","United States of America","5510","Production","526","Apricots","2020","2020","tonnes","30299","","Official data"
"QCL","Crops and livestock products","231","United States of America","5312","Area harvested","366","Artichokes","2020","2020","ha","2347","","Official data"
"QCL","Crops and livestock products","231","United States of America","5419","Yield","366","Artichokes","2020","2020","hg/ha","175761","Fc","Calculated data"
"QCL","Crops and livestock products","231","United States of America","5510","Production","366","Artichokes","2020","2020","tonnes","41251","","Official data"
"QCL","Crops and livestock products","231","United States of America","5312","Area harvested","367","Asparagus","2020","2020","ha","7770","","Official data"
"QCL","Crops and livestock products","231","United States of America","5419","Yield","367","Asparagus","2020","2020","hg/ha","43414","Fc","Calculated data"
"QCL","Crops and livestock products","231","United States of America","5510","Production","367","Asparagus","2020","2020","tonnes","33733","","Official data"
"QCL","Crops and livestock products","231","United States of America","5111","Stocks","1107","Asses","2020","2020","Head","51973","Im","FAO data based on imputation methodology"
"QCL","Crops and livestock products","231","United States of America","5312","Area harvested","572","Avocados","2020","2020","ha","21335","","Official data"
"QCL","Crops and livestock products","231","United States of America","5419","Yield","572","Avocados","2020","2020","hg/ha","87852","Fc","Calculated data"
"QCL","Crops and livestock products","231","United States of America","5510","Production","572","Avocados","2020","2020","tonnes","187433","","Official data"
"QCL","Crops and livestock products","231","United States of America","5312","Area harvested","486","Bananas","2020","2020","ha","327","Im","FAO data based on imputation methodology"
"QCL","Crops and livestock products","231","United States of America","5419","Yield","486","Bananas","2020","2020","hg/ha","89755","Fc","Calculated data"
"QCL","Crops and livestock products","231","United States of America","5510","Production","486","Bananas","2020","2020","tonnes","2935","Im","FAO data based on imputation methodology"
"QCL","Crops and livestock products","231","United States of America","5312","Area harvested","44","Barley","2020","2020","ha","863200","","Official data"
"QCL","Crops and livestock products","231","United States of America","5419","Yield","44","Barley","2020","2020","hg/ha","41700","Fc","Calculated data"
"QCL","Crops and livestock products","231","United States of America","5510","Production","44","Barley","2020","2020","tonnes","3599510","","Official data"
"QCL","Crops and livestock products","231","United States of America","5312","Area harvested","176","Beans, dry","2020","2020","ha","678460","","Official data"
"QCL","Crops and livestock products","231","United States of America","5419","Yield","176","Beans, dry","2020","2020","hg/ha","22038","Fc","Calculated data"
"QCL","Crops and livestock products","231","United States of America","5510","Production","176","Beans, dry","2020","2020","tonnes","1495180","","Official data"
"QCL","Crops and livestock products","231","United States of America","5312","Area harvested","414","Beans, green","2020","2020","ha","9857","Im","FAO data based on imputation methodology"
"QCL","Crops and livestock products","231","United States of America","5419","Yield","414","Beans, green","2020","2020","hg/ha","32453","Fc","Calculated data"
"QCL","Crops and livestock products","231","United States of America","5510","Production","414","Beans, green","2020","2020","tonnes","31989","Im","FAO data based on imputation methodology"
"QCL","Crops and livestock products","231","United States of America","5114","Stocks","1181","Beehives","2020","2020","No","2706000","","Official data"
"QCL","Crops and livestock products","231","United States of America","5510","Production","1183","Beeswax","2020","2020","tonnes","1599","Im","FAO data based on imputation methodology"
"QCL","Crops and livestock products","231","United States of America","5312","Area harvested","558","Berries nes","2020","2020","ha","3395","Im","FAO data based on imputation methodology"
"QCL","Crops and livestock products","231","United States of America","5419","Yield","558","Berries nes","2020","2020","hg/ha","81694","Fc","Calculated data"
"QCL","Crops and livestock products","231","United States of America","5510","Production","558","Berries nes","2020","2020","tonnes","27735","Im","FAO data based on imputation methodology"
"QCL","Crops and livestock products","231","United States of America","5312","Area harvested","552","Blueberries","2020","2020","ha","37000","","Official data"
"QCL","Crops and livestock products","231","United States of America","5419","Yield","552","Blueberries","2020","2020","hg/ha","79459","Fc","Calculated data"
"QCL","Crops and livestock products","231","United States of America","5510","Production","552","Blueberries","2020","2020","tonnes","294000","","Official data"
"QCL","Crops and livestock products","231","United States of America","5312","Area harvested","89","Buckwheat","2020","2020","ha","81620","Im","FAO data based on imputation methodology"
"QCL","Crops and livestock products","231","United States of America","5419","Yield","89","Buckwheat","2020","2020","hg/ha","10585","Fc","Calculated data"
"QCL","Crops and livestock products","231","United States of America","5510","Production","89","Buckwheat","2020","2020","tonnes","86397","Im","FAO data based on imputation methodology"
"QCL","Crops and livestock products","231","United States of America","5312","Area harvested","358","Cabbages and other brassicas","2020","2020","ha","23715","","Official data"
"QCL","Crops and livestock products","231","United States of America","5419","Yield","358","Cabbages and other brassicas","2020","2020","hg/ha","507166","Fc","Calculated data"
"QCL","Crops and livestock products","231","United States of America","5510","Production","358","Cabbages and other brassicas","2020","2020","tonnes","1202744","","Official data"
"QCL","Crops and livestock products","231","United States of America","5312","Area harvested","426","Carrots and turnips","2020","2020","ha","28207","","Official data"
"QCL","Crops and livestock products","231","United States of America","5419","Yield","426","Carrots and turnips","2020","2020","hg/ha","560938","Fc","Calculated data"
"QCL","Crops and livestock products","231","United States of America","5510","Production","426","Carrots and turnips","2020","2020","tonnes","1582238","","Official data"
"QCL","Crops and livestock products","231","United States of America","5312","Area harvested","265","Castor oil seed","2020","2020","ha","","M","Data not available"
"QCL","Crops and livestock products","231","United States of America","5510","Production","265","Castor oil seed","2020","2020","tonnes","","M","Data not available"
"QCL","Crops and livestock products","231","United States of America","5111","Stocks","866","Cattle","2020","2020","Head","93793300","","Official data"
"QCL","Crops and livestock products","231","United States of America","5312","Area harvested","393","Cauliflowers and broccoli","2020","2020","ha","57668","","Official data"
"QCL","Crops and livestock products","231","United States of America","5419","Yield","393","Cauliflowers and broccoli","2020","2020","hg/ha","218342","Fc","Calculated data"
"QCL","Crops and livestock products","231","United States of America","5510","Production","393","Cauliflowers and broccoli","2020","2020","tonnes","1259135","","Official data"
"QCL","Crops and livestock products","231","United States of America","5312","Area harvested","108","Cereals nes","2020","2020","ha","","M","Data not available"
"QCL","Crops and livestock products","231","United States of America","5510","Production","108","Cereals nes","2020","2020","tonnes","","M","Data not available"
"QCL","Crops and livestock products","231","United States of America","5312","Area harvested","531","Cherries","2020","2020","ha","34400","","Official data"
"QCL","Crops and livestock products","231","United States of America","5419","Yield","531","Cherries","2020","2020","hg/ha","85727","Fc","Calculated data"
"QCL","Crops and livestock products","231","United States of America","5510","Production","531","Cherries","2020","2020","tonnes","294900","","Official data"
"QCL","Crops and livestock products","231","United States of America","5312","Area harvested","530","Cherries, sour","2020","2020","ha","12788","","Official data"
"QCL","Crops and livestock products","231","United States of America","5419","Yield","530","Cherries, sour","2020","2020","hg/ha","49481","Fc","Calculated data"
"QCL","Crops and livestock products","231","United States of America","5510","Production","530","Cherries, sour","2020","2020","tonnes","63276","","Official data"
"QCL","Crops and livestock products","231","United States of America","5312","Area harvested","191","Chick peas","2020","2020","ha","106390","","Official data"
"QCL","Crops and livestock products","231","United States of America","5419","Yield","191","Chick peas","2020","2020","hg/ha","18218","Fc","Calculated data"
"QCL","Crops and livestock products","231","United States of America","5510","Production","191","Chick peas","2020","2020","tonnes","193820","","Official data"
"QCL","Crops and livestock products","231","United States of America","5112","Stocks","1057","Chickens","2020","2020","1000 Head","9222100","","Official data"
"QCL","Crops and livestock products","231","United States of America","5312","Area harvested","689","Chillies and peppers, dry","2020","2020","ha","","M","Data not available"
"QCL","Crops and livestock products","231","United States of America","5510","Production","689","Chillies and peppers, dry","2020","2020","tonnes","","M","Data not available"
"QCL","Crops and livestock products","231","United States of America","5312","Area harvested","401","Chillies and peppers, green","2020","2020","ha","19668","","Official data"
"QCL","Crops and livestock products","231","United States of America","5419","Yield","401","Chillies and peppers, green","2020","2020","hg/ha","363647","Fc","Calculated data"
"QCL","Crops and livestock products","231","United States of America","5510","Production","401","Chillies and peppers, green","2020","2020","tonnes","715220","","Official data"
"QCL","Crops and livestock products","231","United States of America","5312","Area harvested","656","Coffee, green","2020","2020","ha","2750","","Official data"
"QCL","Crops and livestock products","231","United States of America","5419","Yield","656","Coffee, green","2020","2020","hg/ha","7109","Fc","Calculated data"
"QCL","Crops and livestock products","231","United States of America","5510","Production","656","Coffee, green","2020","2020","tonnes","1955","","Official data"
"QCL","Crops and livestock products","231","United States of America","5312","Area harvested","195","Cow peas, dry","2020","2020","ha","7650","","Official data"
"QCL","Crops and livestock products","231","United States of America","5419","Yield","195","Cow peas, dry","2020","2020","hg/ha","23503","Fc","Calculated data"
"QCL","Crops and livestock products","231","United States of America","5510","Production","195","Cow peas, dry","2020","2020","tonnes","17980","","Official data"
"QCL","Crops and livestock products","231","United States of America","5312","Area harvested","554","Cranberries","2020","2020","ha","15900","","Official data"
"QCL","Crops and livestock products","231","United States of America","5419","Yield","554","Cranberries","2020","2020","hg/ha","223373","Fc","Calculated data"
"QCL","Crops and livestock products","231","United States of America","5510","Production","554","Cranberries","2020","2020","tonnes","355163","","Official data"
"QCL","Crops and livestock products","231","United States of America","5312","Area harvested","397","Cucumbers and gherkins","2020","2020","ha","37393","","Official data"
"QCL","Crops and livestock products","231","United States of America","5419","Yield","397","Cucumbers and gherkins","2020","2020","hg/ha","172870","Fc","Calculated data"
"QCL","Crops and livestock products","231","United States of America","5510","Production","397","Cucumbers and gherkins","2020","2020","tonnes","646414","","Official data"
"QCL","Crops and livestock products","231","United States of America","5312","Area harvested","550","Currants","2020","2020","ha","0","Im","FAO data based on imputation methodology"
"QCL","Crops and livestock products","231","United States of America","5510","Production","550","Currants","2020","2020","tonnes","0","Im","FAO data based on imputation methodology"
"QCL","Crops and livestock products","231","United States of America","5312","Area harvested","577","Dates","2020","2020","ha","6677","","Official data"
"QCL","Crops and livestock products","231","United States of America","5419","Yield","577","Dates","2020","2020","hg/ha","85053","Fc","Calculated data"
"QCL","Crops and livestock products","231","United States of America","5510","Production","577","Dates","2020","2020","tonnes","56790","","Official data"
"QCL","Crops and livestock products","231","United States of America","5112","Stocks","1068","Ducks","2020","2020","1000 Head","7689","Im","FAO data based on imputation methodology"
"QCL","Crops and livestock products","231","United States of America","5312","Area harvested","399","Eggplants (aubergines)","2020","2020","ha","2634","Im","FAO data based on imputation methodology"
"QCL","Crops and livestock products","231","United States of America","5419","Yield","399","Eggplants (aubergines)","2020","2020","hg/ha","368884","Fc","Calculated data"
"QCL","Crops and livestock products","231","United States of America","5510","Production","399","Eggplants (aubergines)","2020","2020","tonnes","97164","Im","FAO data based on imputation methodology"
"QCL","Crops and livestock products","231","United States of America","5410","Yield","1062","Eggs, hen, in shell","2020","2020","100mg/An","169276","Fc","Calculated data"
"QCL","Crops and livestock products","231","United States of America","5413","Yield","1062","Eggs, hen, in shell","2020","2020","No/An","286","Fc","Calculated data"
"QCL","Crops and livestock products","231","United States of America","5510","Production","1062","Eggs, hen, in shell","2020","2020","tonnes","6607722","","Official data"
"QCL","Crops and livestock products","231","United States of America","5513","Production","1062","Eggs, hen, in shell","2020","2020","1000 No","111573300","","Official data"
"QCL","Crops and livestock products","231","United States of America","5313","Laying","1062","Eggs, hen, in shell","2020","2020","1000 Head","390351","","Official data"
"QCL","Crops and livestock products","231","United States of America","5510","Production","949","Fat, buffaloes","2020","2020","tonnes","0","Im","FAO data based on imputation methodology"
"QCL","Crops and livestock products","231","United States of America","5320","Producing Animals/Slaughtered","949","Fat, buffaloes","2020","2020","Head","","M","Data not available"
"QCL","Crops and livestock products","231","United States of America","5510","Production","869","Fat, cattle","2020","2020","tonnes","737098","Im","FAO data based on imputation methodology"
"QCL","Crops and livestock products","231","United States of America","5320","Producing Animals/Slaughtered","869","Fat, cattle","2020","2020","Head","33366100","","Official data"
"QCL","Crops and livestock products","231","United States of America","5510","Production","1019","Fat, goats","2020","2020","tonnes","359","Im","FAO data based on imputation methodology"
"QCL","Crops and livestock products","231","United States of America","5320","Producing Animals/Slaughtered","1019","Fat, goats","2020","2020","Head","624400","","Official data"
"QCL","Crops and livestock products","231","United States of America","5510","Production","1037","Fat, pigs","2020","2020","tonnes","3437420","Im","FAO data based on imputation methodology"
"QCL","Crops and livestock products","231","United States of America","5320","Producing Animals/Slaughtered","1037","Fat, pigs","2020","2020","Head","131639000","","Official data"
"QCL","Crops and livestock products","231","United States of America","5510","Production","979","Fat, sheep","2020","2020","tonnes","1657","Im","FAO data based on imputation methodology"
"QCL","Crops and livestock products","231","United States of America","5320","Producing Animals/Slaughtered","979","Fat, sheep","2020","2020","Head","2318400","","Official data"
"QCL","Crops and livestock products","231","United States of America","5312","Area harvested","569","Figs","2020","2020","ha","2406","Im","FAO data based on imputation methodology"
"QCL","Crops and livestock products","231","United States of America","5419","Yield","569","Figs","2020","2020","hg/ha","112569","Fc","Calculated data"
"QCL","Crops and livestock products","231","United States of America","5510","Production","569","Figs","2020","2020","tonnes","27084","Im","FAO data based on imputation methodology"
"QCL","Crops and livestock products","231","United States of America","5312","Area harvested","512","Fruit, citrus nes","2020","2020","ha","1185","Im","FAO data based on imputation methodology"
"QCL","Crops and livestock products","231","United States of America","5419","Yield","512","Fruit, citrus nes","2020","2020","hg/ha","208329","Fc","Calculated data"
"QCL","Crops and livestock products","231","United States of America","5510","Production","512","Fruit, citrus nes","2020","2020","tonnes","24687","Im","FAO data based on imputation methodology"
"QCL","Crops and livestock products","231","United States of America","5312","Area harvested","619","Fruit, fresh nes","2020","2020","ha","35","Im","FAO data based on imputation methodology"
"QCL","Crops and livestock products","231","United States of America","5419","Yield","619","Fruit, fresh nes","2020","2020","hg/ha","195714","Fc","Calculated data"
"QCL","Crops and livestock products","231","United States of America","5510","Production","619","Fruit, fresh nes","2020","2020","tonnes","685","Im","FAO data based on imputation methodology"
"QCL","Crops and livestock products","231","United States of America","5312","Area harvested","406","Garlic","2020","2020","ha","9996","","Official data"
"QCL","Crops and livestock products","231","United States of America","5419","Yield","406","Garlic","2020","2020","hg/ha","175744","Fc","Calculated data"
"QCL","Crops and livestock products","231","United States of America","5510","Production","406","Garlic","2020","2020","tonnes","175674","","Official data"
"QCL","Crops and livestock products","231","United States of America","5312","Area harvested","720","Ginger","2020","2020","ha","20","Im","FAO data based on imputation methodology"
"QCL","Crops and livestock products","231","United States of America","5419","Yield","720","Ginger","2020","2020","hg/ha","338500","Fc","Calculated data"
"QCL","Crops and livestock products","231","United States of America","5510","Production","720","Ginger","2020","2020","tonnes","677","Im","FAO data based on imputation methodology"
"QCL","Crops and livestock products","231","United States of America","5111","Stocks","1016","Goats","2020","2020","Head","2655000","","Official data"
"QCL","Crops and livestock products","231","United States of America","5312","Area harvested","507","Grapefruit (inc. pomelos)","2020","2020","ha","18777","","Official data"
"QCL","Crops and livestock products","231","United States of America","5419","Yield","507","Grapefruit (inc. pomelos)","2020","2020","hg/ha","275869","Fc","Calculated data"
"QCL","Crops and livestock products","231","United States of America","5510","Production","507","Grapefruit (inc. pomelos)","2020","2020","tonnes","518000","","Official data"
"QCL","Crops and livestock products","231","United States of America","5312","Area harvested","560","Grapes","2020","2020","ha","372311","","Official data"
"QCL","Crops and livestock products","231","United States of America","5419","Yield","560","Grapes","2020","2020","hg/ha","144736","Fc","Calculated data"
"QCL","Crops and livestock products","231","United States of America","5510","Production","560","Grapes","2020","2020","tonnes","5388679","","Official data"
"QCL","Crops and livestock products","231","United States of America","5312","Area harvested","242","Groundnuts, with shell","2020","2020","ha","653900","","Official data"
"QCL","Crops and livestock products","231","United States of America","5419","Yield","242","Groundnuts, with shell","2020","2020","hg/ha","42549","Fc","Calculated data"
"QCL","Crops and livestock products","231","United States of America","5510","Production","242","Groundnuts, with shell","2020","2020","tonnes","2782290","","Official data"
"QCL","Crops and livestock products","231","United States of America","5312","Area harvested","225","Hazelnuts, with shell","2020","2020","ha","24290","","Official data"
"QCL","Crops and livestock products","231","United States of America","5419","Yield","225","Hazelnuts, with shell","2020","2020","hg/ha","26517","Fc","Calculated data"
"QCL","Crops and livestock products","231","United States of America","5510","Production","225","Hazelnuts, with shell","2020","2020","tonnes","64410","","Official data"
"QCL","Crops and livestock products","231","United States of America","5510","Production","957","Hides, buffalo, fresh","2020","2020","tonnes","0","Im","FAO data based on imputation methodology"
"QCL","Crops and livestock products","231","United States of America","5320","Producing Animals/Slaughtered","957","Hides, buffalo, fresh","2020","2020","Head","","M","Data not available"
"QCL","Crops and livestock products","231","United States of America","5420","Yield","919","Hides, cattle, fresh","2020","2020","hg/An","338","Fc","Calculated data"
"QCL","Crops and livestock products","231","United States of America","5510","Production","919","Hides, cattle, fresh","2020","2020","tonnes","1127326","Im","FAO data based on imputation methodology"
"QCL","Crops and livestock products","231","United States of America","5320","Producing Animals/Slaughtered","919","Hides, cattle, fresh","2020","2020","Head","33366100","","Official data"
"QCL","Crops and livestock products","231","United States of America","5510","Production","1182","Honey, natural","2020","2020","tonnes","66948","","Official data"
"QCL","Crops and livestock products","231","United States of America","5312","Area harvested","677","Hops","2020","2020","ha","23730","","Official data"
"QCL","Crops and livestock products","231","United States of America","5419","Yield","677","Hops","2020","2020","hg/ha","19844","Fc","Calculated data"
"QCL","Crops and livestock products","231","United States of America","5510","Production","677","Hops","2020","2020","tonnes","47090","","Official data"
"QCL","Crops and livestock products","231","United States of America","5111","Stocks","1096","Horses","2020","2020","Head","10527653","Im","FAO data based on imputation methodology"
"QCL","Crops and livestock products","231","United States of America","5312","Area harvested","592","Kiwi fruit","2020","2020","ha","1780","","Official data"
"QCL","Crops and livestock products","231","United States of America","5419","Yield","592","Kiwi fruit","2020","2020","hg/ha","203876","Fc","Calculated data"
"QCL","Crops and livestock products","231","United States of America","5510","Production","592","Kiwi fruit","2020","2020","tonnes","36290","","Official data"
"QCL","Crops and livestock products","231","United States of America","5312","Area harvested","497","Lemons and limes","2020","2020","ha","23189","","Official data"
"QCL","Crops and livestock products","231","United States of America","5419","Yield","497","Lemons and limes","2020","2020","hg/ha","424076","Fc","Calculated data"
"QCL","Crops and livestock products","231","United States of America","5510","Production","497","Lemons and limes","2020","2020","tonnes","983390","","Official data"
"QCL","Crops and livestock products","231","United States of America","5312","Area harvested","201","Lentils","2020","2020","ha","208010","","Official data"
"QCL","Crops and livestock products","231","United States of America","5419","Yield","201","Lentils","2020","2020","hg/ha","16161","Fc","Calculated data"
"QCL","Crops and livestock products","231","United States of America","5510","Production","201","Lentils","2020","2020","tonnes","336160","","Official data"
"QCL","Crops and livestock products","231","United States of America","5312","Area harvested","372","Lettuce and chicory","2020","2020","ha","107690","","Official data"
"QCL","Crops and livestock products","231","United States of America","5419","Yield","372","Lettuce and chicory","2020","2020","hg/ha","408801","Fc","Calculated data"
"QCL","Crops and livestock products","231","United States of America","5510","Production","372","Lettuce and chicory","2020","2020","tonnes","4402375","","Official data"
"QCL","Crops and livestock products","231","United States of America","5312","Area harvested","333","Linseed","2020","2020","ha","119790","","Official data"
"QCL","Crops and livestock products","231","United States of America","5419","Yield","333","Linseed","2020","2020","hg/ha","12100","Fc","Calculated data"
"QCL","Crops and livestock products","231","United States of America","5510","Production","333","Linseed","2020","2020","tonnes","144940","","Official data"
"QCL","Crops and livestock products","231","United States of America","5312","Area harvested","56","Maize","2020","2020","ha","33373570","","Official data"
"QCL","Crops and livestock products","231","United States of America","5419","Yield","56","Maize","2020","2020","hg/ha","107945","Fc","Calculated data"
"QCL","Crops and livestock products","231","United States of America","5510","Production","56","Maize","2020","2020","tonnes","360251560","","Official data"
"QCL","Crops and livestock products","231","United States of America","5312","Area harvested","446","Maize, green","2020","2020","ha","156290","","Official data"
"QCL","Crops and livestock products","231","United States of America","5419","Yield","446","Maize, green","2020","2020","hg/ha","204518","Fc","Calculated data"
"QCL","Crops and livestock products","231","United States of America","5510","Production","446","Maize, green","2020","2020","tonnes","3196405","","Official data"
"QCL","Crops and livestock products","231","United States of America","5312","Area harvested","571","Mangoes, mangosteens, guavas","2020","2020","ha","41","Im","FAO data based on imputation methodology"
"QCL","Crops and livestock products","231","United States of America","5419","Yield","571","Mangoes, mangosteens, guavas","2020","2020","hg/ha","205122","Fc","Calculated data"
"QCL","Crops and livestock products","231","United States of America","5510","Production","571","Mangoes, mangosteens, guavas","2020","2020","tonnes","841","Im","FAO data based on imputation methodology"
"QCL","Crops and livestock products","231","United States of America","5510","Production","947","Meat, buffalo","2020","2020","tonnes","","M","Data not available"
"QCL","Crops and livestock products","231","United States of America","5320","Producing Animals/Slaughtered","947","Meat, buffalo","2020","2020","Head","","M","Data not available"
"QCL","Crops and livestock products","231","United States of America","5417","Yield/Carcass Weight","867","Meat, cattle","2020","2020","hg/An","3704","Fc","Calculated data"
"QCL","Crops and livestock products","231","United States of America","5510","Production","867","Meat, cattle","2020","2020","tonnes","12357232","","Official data"
"QCL","Crops and livestock products","231","United States of America","5320","Producing Animals/Slaughtered","867","Meat, cattle","2020","2020","Head","33366100","","Official data"
"QCL","Crops and livestock products","231","United States of America","5424","Yield/Carcass Weight","1058","Meat, chicken","2020","2020","0.1g/An","21923","Fc","Calculated data"
"QCL","Crops and livestock products","231","United States of America","5510","Production","1058","Meat, chicken","2020","2020","tonnes","20490251","","Official data"
"QCL","Crops and livestock products","231","United States of America","5321","Producing Animals/Slaughtered","1058","Meat, chicken","2020","2020","1000 Head","9346660","","Official data"
"QCL","Crops and livestock products","231","United States of America","5424","Yield/Carcass Weight","1069","Meat, duck","2020","2020","0.1g/An","23175","Fc","Calculated data"
"QCL","Crops and livestock products","231","United States of America","5510","Production","1069","Meat, duck","2020","2020","tonnes","52106","","Official data"
"QCL","Crops and livestock products","231","United States of America","5321","Producing Animals/Slaughtered","1069","Meat, duck","2020","2020","1000 Head","22484","","Official data"
"QCL","Crops and livestock products","231","United States of America","5510","Production","1163","Meat, game","2020","2020","tonnes","265239","Im","FAO data based on imputation methodology"
"QCL","Crops and livestock products","231","United States of America","5417","Yield/Carcass Weight","1017","Meat, goat","2020","2020","hg/An","147","Fc","Calculated data"
"QCL","Crops and livestock products","231","United States of America","5510","Production","1017","Meat, goat","2020","2020","tonnes","9207","Im","FAO data based on imputation methodology"
"QCL","Crops and livestock products","231","United States of America","5320","Producing Animals/Slaughtered","1017","Meat, goat","2020","2020","Head","624400","","Official data"
"QCL","Crops and livestock products","231","United States of America","5417","Yield/Carcass Weight","1097","Meat, horse","2020","2020","hg/An","2490","Fc","Calculated data"
"QCL","Crops and livestock products","231","United States of America","5510","Production","1097","Meat, horse","2020","2020","tonnes","19322","Im","FAO data based on imputation methodology"
"QCL","Crops and livestock products","231","United States of America","5320","Producing Animals/Slaughtered","1097","Meat, horse","2020","2020","Head","77594","Im","FAO data based on imputation methodology"
"QCL","Crops and livestock products","231","United States of America","5417","Yield/Carcass Weight","1035","Meat, pig","2020","2020","hg/An","976","Fc","Calculated data"
"QCL","Crops and livestock products","231","United States of America","5510","Production","1035","Meat, pig","2020","2020","tonnes","12845097","","Official data"
"QCL","Crops and livestock products","231","United States of America","5320","Producing Animals/Slaughtered","1035","Meat, pig","2020","2020","Head","131639000","","Official data"
"QCL","Crops and livestock products","231","United States of America","5417","Yield/Carcass Weight","977","Meat, sheep","2020","2020","hg/An","280","Fc","Calculated data"
"QCL","Crops and livestock products","231","United States of America","5510","Production","977","Meat, sheep","2020","2020","tonnes","64910","","Official data"
"QCL","Crops and livestock products","231","United States of America","5320","Producing Animals/Slaughtered","977","Meat, sheep","2020","2020","Head","2318400","","Official data"
"QCL","Crops and livestock products","231","United States of America","5424","Yield/Carcass Weight","1080","Meat, turkey","2020","2020","0.1g/An","116923","Fc","Calculated data"
"QCL","Crops and livestock products","231","United States of America","5510","Production","1080","Meat, turkey","2020","2020","tonnes","2607416","","Official data"
"QCL","Crops and livestock products","231","United States of America","5321","Producing Animals/Slaughtered","1080","Meat, turkey","2020","2020","1000 Head","223003","","Official data"
"QCL","Crops and livestock products","231","United States of America","5312","Area harvested","568","Melons, other (inc.cantaloupes)","2020","2020","ha","19506","","Official data"
"QCL","Crops and livestock products","231","United States of America","5419","Yield","568","Melons, other (inc.cantaloupes)","2020","2020","hg/ha","356861","Fc","Calculated data"
"QCL","Crops and livestock products","231","United States of America","5510","Production","568","Melons, other (inc.cantaloupes)","2020","2020","tonnes","696093","","Official data"
"QCL","Crops and livestock products","231","United States of America","5420","Yield","882","Milk, whole fresh cow","2020","2020","hg/An","108376","Fc","Calculated data"
"QCL","Crops and livestock products","231","United States of America","5510","Production","882","Milk, whole fresh cow","2020","2020","tonnes","101251009","","Official data"
"QCL","Crops and livestock products","231","United States of America","5318","Milk Animals","882","Milk, whole fresh cow","2020","2020","Head","9342600","","Official data"
"QCL","Crops and livestock products","231","United States of America","5420","Yield","1020","Milk, whole fresh goat","2020","2020","hg/An","1008","Fc","Calculated data"
"QCL","Crops and livestock products","231","United States of America","5510","Production","1020","Milk, whole fresh goat","2020","2020","tonnes","25982","Im","FAO data based on imputation methodology"
"QCL","Crops and livestock products","231","United States of America","5318","Milk Animals","1020","Milk, whole fresh goat","2020","2020","Head","257878","Im","FAO data based on imputation methodology"
"QCL","Crops and livestock products","231","United States of America","5312","Area harvested","79","Millet","2020","2020","ha","195870","","Official data"
"QCL","Crops and livestock products","231","United States of America","5419","Yield","79","Millet","2020","2020","hg/ha","10664","Fc","Calculated data"
"QCL","Crops and livestock products","231","United States of America","5510","Production","79","Millet","2020","2020","tonnes","208880","","Official data"
"QCL","Crops and livestock products","231","United States of America","5111","Stocks","1110","Mules","2020","2020","Head","","M","Data not available"
"QCL","Crops and livestock products","231","United States of America","5510","Production","449","Mushrooms and truffles","2020","2020","tonnes","370280","","Official data"
"QCL","Crops and livestock products","231","United States of America","5312","Area harvested","292","Mustard seed","2020","2020","ha","36990","","Official data"
"QCL","Crops and livestock products","231","United States of America","5419","Yield","292","Mustard seed","2020","2020","hg/ha","10027","Fc","Calculated data"
"QCL","Crops and livestock products","231","United States of America","5510","Production","292","Mustard seed","2020","2020","tonnes","37090","","Official data"
"QCL","Crops and livestock products","231","United States of America","5312","Area harvested","234","Nuts nes","2020","2020","ha","173930","","Official data"
"QCL","Crops and livestock products","231","United States of America","5419","Yield","234","Nuts nes","2020","2020","hg/ha","8997","Fc","Calculated data"
"QCL","Crops and livestock products","231","United States of America","5510","Production","234","Nuts nes","2020","2020","tonnes","156490","","Official data"
"QCL","Crops and livestock products","231","United States of America","5312","Area harvested","75","Oats","2020","2020","ha","406310","","Official data"
"QCL","Crops and livestock products","231","United States of America","5419","Yield","75","Oats","2020","2020","hg/ha","23347","Fc","Calculated data"
"QCL","Crops and livestock products","231","United States of America","5510","Production","75","Oats","2020","2020","tonnes","948630","","Official data"
"QCL","Crops and livestock products","231","United States of America","5510","Production","948","Offals, edible, buffaloes","2020","2020","tonnes","0","Im","FAO data based on imputation methodology"
"QCL","Crops and livestock products","231","United States of America","5320","Producing Animals/Slaughtered","948","Offals, edible, buffaloes","2020","2020","Head","","M","Data not available"
"QCL","Crops and livestock products","231","United States of America","5510","Production","868","Offals, edible, cattle","2020","2020","tonnes","867174","Im","FAO data based on imputation methodology"
"QCL","Crops and livestock products","231","United States of America","5320","Producing Animals/Slaughtered","868","Offals, edible, cattle","2020","2020","Head","33366100","","Official data"
"QCL","Crops and livestock products","231","United States of America","5510","Production","1018","Offals, edible, goats","2020","2020","tonnes","1777","Im","FAO data based on imputation methodology"
"QCL","Crops and livestock products","231","United States of America","5320","Producing Animals/Slaughtered","1018","Offals, edible, goats","2020","2020","Head","624400","","Official data"
"QCL","Crops and livestock products","231","United States of America","5510","Production","1098","Offals, horses","2020","2020","tonnes","2087","Im","FAO data based on imputation methodology"
"QCL","Crops and livestock products","231","United States of America","5320","Producing Animals/Slaughtered","1098","Offals, horses","2020","2020","Head","77594","Im","FAO data based on imputation methodology"
"QCL","Crops and livestock products","231","United States of America","5510","Production","1036","Offals, pigs, edible","2020","2020","tonnes","850309","Im","FAO data based on imputation methodology"
"QCL","Crops and livestock products","231","United States of America","5320","Producing Animals/Slaughtered","1036","Offals, pigs, edible","2020","2020","Head","131639000","","Official data"
"QCL","Crops and livestock products","231","United States of America","5510","Production","978","Offals, sheep,edible","2020","2020","tonnes","3453","Im","FAO data based on imputation methodology"
"QCL","Crops and livestock products","231","United States of America","5320","Producing Animals/Slaughtered","978","Offals, sheep,edible","2020","2020","Head","2318400","","Official data"
"QCL","Crops and livestock products","231","United States of America","5312","Area harvested","430","Okra","2020","2020","ha","1331","Im","FAO data based on imputation methodology"
"QCL","Crops and livestock products","231","United States of America","5419","Yield","430","Okra","2020","2020","hg/ha","78347","Fc","Calculated data"
"QCL","Crops and livestock products","231","United States of America","5510","Production","430","Okra","2020","2020","tonnes","10428","Im","FAO data based on imputation methodology"
"QCL","Crops and livestock products","231","United States of America","5312","Area harvested","260","Olives","2020","2020","ha","14570","","Official data"
"QCL","Crops and livestock products","231","United States of America","5419","Yield","260","Olives","2020","2020","hg/ha","42155","Fc","Calculated data"
"QCL","Crops and livestock products","231","United States of America","5510","Production","260","Olives","2020","2020","tonnes","61420","","Official data"
"QCL","Crops and livestock products","231","United States of America","5312","Area harvested","403","Onions, dry","2020","2020","ha","53742","","Official data"
"QCL","Crops and livestock products","231","United States of America","5419","Yield","403","Onions, dry","2020","2020","hg/ha","710998","Fc","Calculated data"
"QCL","Crops and livestock products","231","United States of America","5510","Production","403","Onions, dry","2020","2020","tonnes","3821044","","Official data"
"QCL","Crops and livestock products","231","United States of America","5312","Area harvested","490","Oranges","2020","2020","ha","203840","","Official data"
"QCL","Crops and livestock products","231","United States of America","5419","Yield","490","Oranges","2020","2020","hg/ha","233828","Fc","Calculated data"
"QCL","Crops and livestock products","231","United States of America","5510","Production","490","Oranges","2020","2020","tonnes","4766350","","Official data"
"QCL","Crops and livestock products","231","United States of America","5312","Area harvested","600","Papayas","2020","2020","ha","243","","Official data"
"QCL","Crops and livestock products","231","United States of America","5419","Yield","600","Papayas","2020","2020","hg/ha","154568","Fc","Calculated data"
"QCL","Crops and livestock products","231","United States of America","5510","Production","600","Papayas","2020","2020","tonnes","3756","","Official data"
"QCL","Crops and livestock products","231","United States of America","5312","Area harvested","534","Peaches and nectarines","2020","2020","ha","29542","","Official data"
"QCL","Crops and livestock products","231","United States of America","5419","Yield","534","Peaches and nectarines","2020","2020","hg/ha","189704","Fc","Calculated data"
"QCL","Crops and livestock products","231","United States of America","5510","Production","534","Peaches and nectarines","2020","2020","tonnes","560423","","Official data"
"QCL","Crops and livestock products","231","United States of America","5312","Area harvested","521","Pears","2020","2020","ha","17604","","Official data"
"QCL","Crops and livestock products","231","United States of America","5419","Yield","521","Pears","2020","2020","hg/ha","346301","Fc","Calculated data"
"QCL","Crops and livestock products","231","United States of America","5510","Production","521","Pears","2020","2020","tonnes","609628","","Official data"
"QCL","Crops and livestock products","231","United States of America","5312","Area harvested","187","Peas, dry","2020","2020","ha","393760","","Official data"
"QCL","Crops and livestock products","231","United States of America","5419","Yield","187","Peas, dry","2020","2020","hg/ha","25035","Fc","Calculated data"
"QCL","Crops and livestock products","231","United States of America","5510","Production","187","Peas, dry","2020","2020","tonnes","985790","","Official data"
"QCL","Crops and livestock products","231","United States of America","5312","Area harvested","417","Peas, green","2020","2020","ha","52892","","Official data"
"QCL","Crops and livestock products","231","United States of America","5419","Yield","417","Peas, green","2020","2020","hg/ha","52813","Fc","Calculated data"
"QCL","Crops and livestock products","231","United States of America","5510","Production","417","Peas, green","2020","2020","tonnes","279336","","Official data"
"QCL","Crops and livestock products","231","United States of America","5111","Stocks","1034","Pigs","2020","2020","Head","77312000","","Official data"
"QCL","Crops and livestock products","231","United States of America","5312","Area harvested","574","Pineapples","2020","2020","ha","5942","Im","FAO data based on imputation methodology"
"QCL","Crops and livestock products","231","United States of America","5419","Yield","574","Pineapples","2020","2020","hg/ha","283211","Fc","Calculated data"
"QCL","Crops and livestock products","231","United States of America","5510","Production","574","Pineapples","2020","2020","tonnes","168284","Im","FAO data based on imputation methodology"
"QCL","Crops and livestock products","231","United States of America","5312","Area harvested","223","Pistachios","2020","2020","ha","150543","","Official data"
"QCL","Crops and livestock products","231","United States of America","5419","Yield","223","Pistachios","2020","2020","hg/ha","31486","Fc","Calculated data"
"QCL","Crops and livestock products","231","United States of America","5510","Production","223","Pistachios","2020","2020","tonnes","474004","","Official data"
"QCL","Crops and livestock products","231","United States of America","5312","Area harvested","536","Plums and sloes","2020","2020","ha","21770","","Official data"
"QCL","Crops and livestock products","231","United States of America","5419","Yield","536","Plums and sloes","2020","2020","hg/ha","112880","Fc","Calculated data"
"QCL","Crops and livestock products","231","United States of America","5510","Production","536","Plums and sloes","2020","2020","tonnes","245740","","Official data"
"QCL","Crops and livestock products","231","United States of America","5312","Area harvested","116","Potatoes","2020","2020","ha","369930","","Official data"
"QCL","Crops and livestock products","231","United States of America","5419","Yield","116","Potatoes","2020","2020","hg/ha","507933","Fc","Calculated data"
"QCL","Crops and livestock products","231","United States of America","5510","Production","116","Potatoes","2020","2020","tonnes","18789970","","Official data"
"QCL","Crops and livestock products","231","United States of America","5312","Area harvested","394","Pumpkins, squash and gourds","2020","2020","ha","44758","","Official data"
"QCL","Crops and livestock products","231","United States of America","5419","Yield","394","Pumpkins, squash and gourds","2020","2020","hg/ha","234754","Fc","Calculated data"
"QCL","Crops and livestock products","231","United States of America","5510","Production","394","Pumpkins, squash and gourds","2020","2020","tonnes","1050713","","Official data"
"QCL","Crops and livestock products","231","United States of America","5312","Area harvested","270","Rapeseed","2020","2020","ha","728080","","Official data"
"QCL","Crops and livestock products","231","United States of America","5419","Yield","270","Rapeseed","2020","2020","hg/ha","21648","Fc","Calculated data"
"QCL","Crops and livestock products","231","United States of America","5510","Production","270","Rapeseed","2020","2020","tonnes","1576170","","Official data"
"QCL","Crops and livestock products","231","United States of America","5312","Area harvested","547","Raspberries","2020","2020","ha","6840","","Official data"
"QCL","Crops and livestock products","231","United States of America","5419","Yield","547","Raspberries","2020","2020","hg/ha","147219","Fc","Calculated data"
"QCL","Crops and livestock products","231","United States of America","5510","Production","547","Raspberries","2020","2020","tonnes","100698","","Official data"
"QCL","Crops and livestock products","231","United States of America","5312","Area harvested","27","Rice, paddy","2020","2020","ha","1208810","","Official data"
"QCL","Crops and livestock products","231","United States of America","5419","Yield","27","Rice, paddy","2020","2020","hg/ha","85398","Fc","Calculated data"
"QCL","Crops and livestock products","231","United States of America","5510","Production","27","Rice, paddy","2020","2020","tonnes","10322990","","Official data"
"QCL","Crops and livestock products","231","United States of America","5510","Production","30","Rice, paddy (rice milled equivalent)","2020","2020","tonnes","6885434","Fc","Calculated data"
"QCL","Crops and livestock products","231","United States of America","5312","Area harvested","71","Rye","2020","2020","ha","133550","","Official data"
"QCL","Crops and livestock products","231","United States of America","5419","Yield","71","Rye","2020","2020","hg/ha","21934","Fc","Calculated data"
"QCL","Crops and livestock products","231","United States of America","5510","Production","71","Rye","2020","2020","tonnes","292930","","Official data"
"QCL","Crops and livestock products","231","United States of America","5312","Area harvested","280","Safflower seed","2020","2020","ha","51270","","Official data"
"QCL","Crops and livestock products","231","United States of America","5419","Yield","280","Safflower seed","2020","2020","hg/ha","13076","Fc","Calculated data"
"QCL","Crops and livestock products","231","United States of America","5510","Production","280","Safflower seed","2020","2020","tonnes","67040","","Official data"
"QCL","Crops and livestock products","231","United States of America","5312","Area harvested","328","Seed cotton","2020","2020","ha","3521410","","Official data"
"QCL","Crops and livestock products","231","United States of America","5419","Yield","328","Seed cotton","2020","2020","hg/ha","27652","Fc","Calculated data"
"QCL","Crops and livestock products","231","United States of America","5510","Production","328","Seed cotton","2020","2020","tonnes","9737277","Im","FAO data based on imputation methodology"
"QCL","Crops and livestock products","231","United States of America","5312","Area harvested","289","Sesame seed","2020","2020","ha","","M","Data not available"
"QCL","Crops and livestock products","231","United States of America","5510","Production","289","Sesame seed","2020","2020","tonnes","","M","Data not available"
"QCL","Crops and livestock products","231","United States of America","5111","Stocks","976","Sheep","2020","2020","Head","5200000","","Official data"
"QCL","Crops and livestock products","231","United States of America","5420","Yield","1025","Skins, goat, fresh","2020","2020","hg/An","28","Fc","Calculated data"
"QCL","Crops and livestock products","231","United States of America","5510","Production","1025","Skins, goat, fresh","2020","2020","tonnes","1777","Im","FAO data based on imputation methodology"
"QCL","Crops and livestock products","231","United States of America","5320","Producing Animals/Slaughtered","1025","Skins, goat, fresh","2020","2020","Head","624400","","Official data"
"QCL","Crops and livestock products","231","United States of America","5420","Yield","995","Skins, sheep, fresh","2020","2020","hg/An","30","Fc","Calculated data"
"QCL","Crops and livestock products","231","United States of America","5510","Production","995","Skins, sheep, fresh","2020","2020","tonnes","6905","Im","FAO data based on imputation methodology"
"QCL","Crops and livestock products","231","United States of America","5320","Producing Animals/Slaughtered","995","Skins, sheep, fresh","2020","2020","Head","2318400","","Official data"
"QCL","Crops and livestock products","231","United States of America","5312","Area harvested","83","Sorghum","2020","2020","ha","2061900","","Official data"
"QCL","Crops and livestock products","231","United States of America","5419","Yield","83","Sorghum","2020","2020","hg/ha","45946","Fc","Calculated data"
"QCL","Crops and livestock products","231","United States of America","5510","Production","83","Sorghum","2020","2020","tonnes","9473620","","Official data"
"QCL","Crops and livestock products","231","United States of America","5312","Area harvested","236","Soybeans","2020","2020","ha","33313270","","Official data"
"QCL","Crops and livestock products","231","United States of America","5419","Yield","236","Soybeans","2020","2020","hg/ha","33785","Fc","Calculated data"
"QCL","Crops and livestock products","231","United States of America","5510","Production","236","Soybeans","2020","2020","tonnes","112549240","","Official data"
"QCL","Crops and livestock products","231","United States of America","5312","Area harvested","373","Spinach","2020","2020","ha","22743","","Official data"
"QCL","Crops and livestock products","231","United States of America","5419","Yield","373","Spinach","2020","2020","hg/ha","161559","Fc","Calculated data"
"QCL","Crops and livestock products","231","United States of America","5510","Production","373","Spinach","2020","2020","tonnes","367433","","Official data"
"QCL","Crops and livestock products","231","United States of America","5312","Area harvested","544","Strawberries","2020","2020","ha","17400","","Official data"
"QCL","Crops and livestock products","231","United States of America","5419","Yield","544","Strawberries","2020","2020","hg/ha","606875","Fc","Calculated data"
"QCL","Crops and livestock products","231","United States of America","5510","Production","544","Strawberries","2020","2020","tonnes","1055963","","Official data"
"QCL","Crops and livestock products","231","United States of America","5312","Area harvested","423","String beans","2020","2020","ha","72358","","Official data"
"QCL","Crops and livestock products","231","United States of America","5419","Yield","423","String beans","2020","2020","hg/ha","103695","Fc","Calculated data"
"QCL","Crops and livestock products","231","United States of America","5510","Production","423","String beans","2020","2020","tonnes","750319","","Official data"
"QCL","Crops and livestock products","231","United States of America","5312","Area harvested","157","Sugar beet","2020","2020","ha","462280","","Official data"
"QCL","Crops and livestock products","231","United States of America","5419","Yield","157","Sugar beet","2020","2020","hg/ha","659724","Fc","Calculated data"
"QCL","Crops and livestock products","231","United States of America","5510","Production","157","Sugar beet","2020","2020","tonnes","30497740","","Official data"
"QCL","Crops and livestock products","231","United States of America","5312","Area harvested","156","Sugar cane","2020","2020","ha","383480","","Official data"
"QCL","Crops and livestock products","231","United States of America","5419","Yield","156","Sugar cane","2020","2020","hg/ha","854005","Fc","Calculated data"
"QCL","Crops and livestock products","231","United States of America","5510","Production","156","Sugar cane","2020","2020","tonnes","32749379","","Official data"
"QCL","Crops and livestock products","231","United States of America","5312","Area harvested","267","Sunflower seed","2020","2020","ha","674090","","Official data"
"QCL","Crops and livestock products","231","United States of America","5419","Yield","267","Sunflower seed","2020","2020","hg/ha","20069","Fc","Calculated data"
"QCL","Crops and livestock products","231","United States of America","5510","Production","267","Sunflower seed","2020","2020","tonnes","1352800","","Official data"
"QCL","Crops and livestock products","231","United States of America","5312","Area harvested","122","Sweet potatoes","2020","2020","ha","63455","","Official data"
"QCL","Crops and livestock products","231","United States of America","5419","Yield","122","Sweet potatoes","2020","2020","hg/ha","245529","Fc","Calculated data"
"QCL","Crops and livestock products","231","United States of America","5510","Production","122","Sweet potatoes","2020","2020","tonnes","1558005","","Official data"
"QCL","Crops and livestock products","231","United States of America","5312","Area harvested","495","Tangerines, mandarins, clementines, satsumas","2020","2020","ha","23189","","Official data"
"QCL","Crops and livestock products","231","United States of America","5419","Yield","495","Tangerines, mandarins, clementines, satsumas","2020","2020","hg/ha","369304","Fc","Calculated data"
"QCL","Crops and livestock products","231","United States of America","5510","Production","495","Tangerines, mandarins, clementines, satsumas","2020","2020","tonnes","856380","","Official data"
"QCL","Crops and livestock products","231","United States of America","5312","Area harvested","136","Taro (cocoyam)","2020","2020","ha","120","Im","FAO data based on imputation methodology"
"QCL","Crops and livestock products","231","United States of America","5419","Yield","136","Taro (cocoyam)","2020","2020","hg/ha","112167","Fc","Calculated data"
"QCL","Crops and livestock products","231","United States of America","5510","Production","136","Taro (cocoyam)","2020","2020","tonnes","1346","Im","FAO data based on imputation methodology"
"QCL","Crops and livestock products","231","United States of America","5312","Area harvested","826","Tobacco, unmanufactured","2020","2020","ha","80150","","Official data"
"QCL","Crops and livestock products","231","United States of America","5419","Yield","826","Tobacco, unmanufactured","2020","2020","hg/ha","22038","Fc","Calculated data"
"QCL","Crops and livestock products","231","United States of America","5510","Production","826","Tobacco, unmanufactured","2020","2020","tonnes","176635","","Official data"
"QCL","Crops and livestock products","231","United States of America","5312","Area harvested","388","Tomatoes","2020","2020","ha","110439","","Official data"
"QCL","Crops and livestock products","231","United States of America","5419","Yield","388","Tomatoes","2020","2020","hg/ha","1107163","Fc","Calculated data"
"QCL","Crops and livestock products","231","United States of America","5510","Production","388","Tomatoes","2020","2020","tonnes","12227402","","Official data"
"QCL","Crops and livestock products","231","United States of America","5312","Area harvested","275","Tung nuts","2020","2020","ha","","M","Data not available"
"QCL","Crops and livestock products","231","United States of America","5510","Production","275","Tung nuts","2020","2020","tonnes","","M","Data not available"
"QCL","Crops and livestock products","231","United States of America","5112","Stocks","1079","Turkeys","2020","2020","1000 Head","224000","","Official data"
"QCL","Crops and livestock products","231","United States of America","5312","Area harvested","463","Vegetables, fresh nes","2020","2020","ha","11650","","Official data"
"QCL","Crops and livestock products","231","United States of America","5419","Yield","463","Vegetables, fresh nes","2020","2020","hg/ha","703295","Fc","Calculated data"
"QCL","Crops and livestock products","231","United States of America","5510","Production","463","Vegetables, fresh nes","2020","2020","tonnes","819339","","Official data"
"QCL","Crops and livestock products","231","United States of America","5312","Area harvested","420","Vegetables, leguminous nes","2020","2020","ha","15679","Im","FAO data based on imputation methodology"
"QCL","Crops and livestock products","231","United States of America","5419","Yield","420","Vegetables, leguminous nes","2020","2020","hg/ha","27955","Fc","Calculated data"
"QCL","Crops and livestock products","231","United States of America","5510","Production","420","Vegetables, leguminous nes","2020","2020","tonnes","43831","Im","FAO data based on imputation methodology"
"QCL","Crops and livestock products","231","United States of America","5312","Area harvested","222","Walnuts, with shell","2020","2020","ha","153781","","Official data"
"QCL","Crops and livestock products","231","United States of America","5419","Yield","222","Walnuts, with shell","2020","2020","hg/ha","46014","Fc","Calculated data"
"QCL","Crops and livestock products","231","United States of America","5510","Production","222","Walnuts, with shell","2020","2020","tonnes","707604","","Official data"
"QCL","Crops and livestock products","231","United States of America","5312","Area harvested","567","Watermelons","2020","2020","ha","39133","","Official data"
"QCL","Crops and livestock products","231","United States of America","5419","Yield","567","Watermelons","2020","2020","hg/ha","445041","Fc","Calculated data"
"QCL","Crops and livestock products","231","United States of America","5510","Production","567","Watermelons","2020","2020","tonnes","1741579","","Official data"
"QCL","Crops and livestock products","231","United States of America","5312","Area harvested","15","Wheat","2020","2020","ha","14870740","","Official data"
"QCL","Crops and livestock products","231","United States of America","5419","Yield","15","Wheat","2020","2020","hg/ha","33415","Fc","Calculated data"
"QCL","Crops and livestock products","231","United States of America","5510","Production","15","Wheat","2020","2020","tonnes","49690680","","Official data"
"QCL","Crops and livestock products","231","United States of America","5510","Production","987","Wool, greasy","2020","2020","tonnes","10489","","Official data"
